"tile_z19_x271526_y174756",  51.32889547080778,  6.442108154296875,  51.32846641904896,  6.4427947998046875
"tile_z19_x271526_y174757",  51.32846641904896,  6.442108154296875,  51.328037363275676,  6.4427947998046875
"tile_z19_x271526_y174758",  51.328037363275676,  6.442108154296875,  51.327608303487914,  6.4427947998046875
"tile_z19_x271526_y174759",  51.327608303487914,  6.442108154296875,  51.32717923968564,  6.4427947998046875
"tile_z19_x271526_y174760",  51.32717923968564,  6.442108154296875,  51.32675017186886,  6.4427947998046875
"tile_z19_x271526_y174761",  51.32675017186886,  6.442108154296875,  51.326321100037546,  6.4427947998046875
"tile_z19_x271526_y174762",  51.326321100037546,  6.442108154296875,  51.325892024191695,  6.4427947998046875
"tile_z19_x271526_y174763",  51.325892024191695,  6.442108154296875,  51.3254629443313,  6.4427947998046875
"tile_z19_x271526_y174764",  51.3254629443313,  6.442108154296875,  51.325033860456315,  6.4427947998046875
"tile_z19_x271526_y174765",  51.325033860456315,  6.442108154296875,  51.324604772566765,  6.4427947998046875
"tile_z19_x271526_y174766",  51.324604772566765,  6.442108154296875,  51.324175680662606,  6.4427947998046875
"tile_z19_x271526_y174767",  51.324175680662606,  6.442108154296875,  51.32374658474385,  6.4427947998046875
"tile_z19_x271526_y174768",  51.32374658474385,  6.442108154296875,  51.32331748481046,  6.4427947998046875
"tile_z19_x271526_y174769",  51.32331748481046,  6.442108154296875,  51.32288838086244,  6.4427947998046875
"tile_z19_x271526_y174770",  51.32288838086244,  6.442108154296875,  51.32245927289977,  6.4427947998046875
"tile_z19_x271526_y174771",  51.32245927289977,  6.442108154296875,  51.32203016092244,  6.4427947998046875
"tile_z19_x271526_y174772",  51.32203016092244,  6.442108154296875,  51.32160104493043,  6.4427947998046875
"tile_z19_x271526_y174773",  51.32160104493043,  6.442108154296875,  51.32117192492374,  6.4427947998046875
"tile_z19_x271526_y174774",  51.32117192492374,  6.442108154296875,  51.32074280090234,  6.4427947998046875
"tile_z19_x271526_y174775",  51.32074280090234,  6.442108154296875,  51.32031367286622,  6.4427947998046875
"tile_z19_x271526_y174776",  51.32031367286622,  6.442108154296875,  51.31988454081537,  6.4427947998046875
"tile_z19_x271526_y174777",  51.31988454081537,  6.442108154296875,  51.31945540474978,  6.4427947998046875
"tile_z19_x271526_y174778",  51.31945540474978,  6.442108154296875,  51.31902626466944,  6.4427947998046875
"tile_z19_x271526_y174779",  51.31902626466944,  6.442108154296875,  51.31859712057431,  6.4427947998046875
"tile_z19_x271526_y174780",  51.31859712057431,  6.442108154296875,  51.31816797246441,  6.4427947998046875
"tile_z19_x271526_y174781",  51.31816797246441,  6.442108154296875,  51.317738820339706,  6.4427947998046875
"tile_z19_x271526_y174782",  51.317738820339706,  6.442108154296875,  51.317309664200195,  6.4427947998046875
"tile_z19_x271526_y174783",  51.317309664200195,  6.442108154296875,  51.316880504045855,  6.4427947998046875
"tile_z19_x271526_y174784",  51.316880504045855,  6.442108154296875,  51.316451339876686,  6.4427947998046875
"tile_z19_x271526_y174785",  51.316451339876686,  6.442108154296875,  51.31602217169266,  6.4427947998046875
"tile_z19_x271527_y174756",  51.32889547080778,  6.4427947998046875,  51.32846641904896,  6.4434814453125
"tile_z19_x271527_y174757",  51.32846641904896,  6.4427947998046875,  51.328037363275676,  6.4434814453125
"tile_z19_x271527_y174758",  51.328037363275676,  6.4427947998046875,  51.327608303487914,  6.4434814453125
"tile_z19_x271527_y174759",  51.327608303487914,  6.4427947998046875,  51.32717923968564,  6.4434814453125
"tile_z19_x271527_y174760",  51.32717923968564,  6.4427947998046875,  51.32675017186886,  6.4434814453125
"tile_z19_x271527_y174761",  51.32675017186886,  6.4427947998046875,  51.326321100037546,  6.4434814453125
"tile_z19_x271527_y174762",  51.326321100037546,  6.4427947998046875,  51.325892024191695,  6.4434814453125
"tile_z19_x271527_y174763",  51.325892024191695,  6.4427947998046875,  51.3254629443313,  6.4434814453125
"tile_z19_x271527_y174764",  51.3254629443313,  6.4427947998046875,  51.325033860456315,  6.4434814453125
"tile_z19_x271527_y174765",  51.325033860456315,  6.4427947998046875,  51.324604772566765,  6.4434814453125
"tile_z19_x271527_y174766",  51.324604772566765,  6.4427947998046875,  51.324175680662606,  6.4434814453125
"tile_z19_x271527_y174767",  51.324175680662606,  6.4427947998046875,  51.32374658474385,  6.4434814453125
"tile_z19_x271527_y174768",  51.32374658474385,  6.4427947998046875,  51.32331748481046,  6.4434814453125
"tile_z19_x271527_y174769",  51.32331748481046,  6.4427947998046875,  51.32288838086244,  6.4434814453125
"tile_z19_x271527_y174770",  51.32288838086244,  6.4427947998046875,  51.32245927289977,  6.4434814453125
"tile_z19_x271527_y174771",  51.32245927289977,  6.4427947998046875,  51.32203016092244,  6.4434814453125
"tile_z19_x271527_y174772",  51.32203016092244,  6.4427947998046875,  51.32160104493043,  6.4434814453125
"tile_z19_x271527_y174773",  51.32160104493043,  6.4427947998046875,  51.32117192492374,  6.4434814453125
"tile_z19_x271527_y174774",  51.32117192492374,  6.4427947998046875,  51.32074280090234,  6.4434814453125
"tile_z19_x271527_y174775",  51.32074280090234,  6.4427947998046875,  51.32031367286622,  6.4434814453125
"tile_z19_x271527_y174776",  51.32031367286622,  6.4427947998046875,  51.31988454081537,  6.4434814453125
"tile_z19_x271527_y174777",  51.31988454081537,  6.4427947998046875,  51.31945540474978,  6.4434814453125
"tile_z19_x271527_y174778",  51.31945540474978,  6.4427947998046875,  51.31902626466944,  6.4434814453125
"tile_z19_x271527_y174779",  51.31902626466944,  6.4427947998046875,  51.31859712057431,  6.4434814453125
"tile_z19_x271527_y174780",  51.31859712057431,  6.4427947998046875,  51.31816797246441,  6.4434814453125
"tile_z19_x271527_y174781",  51.31816797246441,  6.4427947998046875,  51.317738820339706,  6.4434814453125
"tile_z19_x271527_y174782",  51.317738820339706,  6.4427947998046875,  51.317309664200195,  6.4434814453125
"tile_z19_x271527_y174783",  51.317309664200195,  6.4427947998046875,  51.316880504045855,  6.4434814453125
"tile_z19_x271527_y174784",  51.316880504045855,  6.4427947998046875,  51.316451339876686,  6.4434814453125
"tile_z19_x271527_y174785",  51.316451339876686,  6.4427947998046875,  51.31602217169266,  6.4434814453125
"tile_z19_x271528_y174756",  51.32889547080778,  6.4434814453125,  51.32846641904896,  6.4441680908203125
"tile_z19_x271528_y174757",  51.32846641904896,  6.4434814453125,  51.328037363275676,  6.4441680908203125
"tile_z19_x271528_y174758",  51.328037363275676,  6.4434814453125,  51.327608303487914,  6.4441680908203125
"tile_z19_x271528_y174759",  51.327608303487914,  6.4434814453125,  51.32717923968564,  6.4441680908203125
"tile_z19_x271528_y174760",  51.32717923968564,  6.4434814453125,  51.32675017186886,  6.4441680908203125
"tile_z19_x271528_y174761",  51.32675017186886,  6.4434814453125,  51.326321100037546,  6.4441680908203125
"tile_z19_x271528_y174762",  51.326321100037546,  6.4434814453125,  51.325892024191695,  6.4441680908203125
"tile_z19_x271528_y174763",  51.325892024191695,  6.4434814453125,  51.3254629443313,  6.4441680908203125
"tile_z19_x271528_y174764",  51.3254629443313,  6.4434814453125,  51.325033860456315,  6.4441680908203125
"tile_z19_x271528_y174765",  51.325033860456315,  6.4434814453125,  51.324604772566765,  6.4441680908203125
"tile_z19_x271528_y174766",  51.324604772566765,  6.4434814453125,  51.324175680662606,  6.4441680908203125
"tile_z19_x271528_y174767",  51.324175680662606,  6.4434814453125,  51.32374658474385,  6.4441680908203125
"tile_z19_x271528_y174768",  51.32374658474385,  6.4434814453125,  51.32331748481046,  6.4441680908203125
"tile_z19_x271528_y174769",  51.32331748481046,  6.4434814453125,  51.32288838086244,  6.4441680908203125
"tile_z19_x271528_y174770",  51.32288838086244,  6.4434814453125,  51.32245927289977,  6.4441680908203125
"tile_z19_x271528_y174771",  51.32245927289977,  6.4434814453125,  51.32203016092244,  6.4441680908203125
"tile_z19_x271528_y174772",  51.32203016092244,  6.4434814453125,  51.32160104493043,  6.4441680908203125
"tile_z19_x271528_y174773",  51.32160104493043,  6.4434814453125,  51.32117192492374,  6.4441680908203125
"tile_z19_x271528_y174774",  51.32117192492374,  6.4434814453125,  51.32074280090234,  6.4441680908203125
"tile_z19_x271528_y174775",  51.32074280090234,  6.4434814453125,  51.32031367286622,  6.4441680908203125
"tile_z19_x271528_y174776",  51.32031367286622,  6.4434814453125,  51.31988454081537,  6.4441680908203125
"tile_z19_x271528_y174777",  51.31988454081537,  6.4434814453125,  51.31945540474978,  6.4441680908203125
"tile_z19_x271528_y174778",  51.31945540474978,  6.4434814453125,  51.31902626466944,  6.4441680908203125
"tile_z19_x271528_y174779",  51.31902626466944,  6.4434814453125,  51.31859712057431,  6.4441680908203125
"tile_z19_x271528_y174780",  51.31859712057431,  6.4434814453125,  51.31816797246441,  6.4441680908203125
"tile_z19_x271528_y174781",  51.31816797246441,  6.4434814453125,  51.317738820339706,  6.4441680908203125
"tile_z19_x271528_y174782",  51.317738820339706,  6.4434814453125,  51.317309664200195,  6.4441680908203125
"tile_z19_x271528_y174783",  51.317309664200195,  6.4434814453125,  51.316880504045855,  6.4441680908203125
"tile_z19_x271528_y174784",  51.316880504045855,  6.4434814453125,  51.316451339876686,  6.4441680908203125
"tile_z19_x271528_y174785",  51.316451339876686,  6.4434814453125,  51.31602217169266,  6.4441680908203125
"tile_z19_x271529_y174756",  51.32889547080778,  6.4441680908203125,  51.32846641904896,  6.444854736328125
"tile_z19_x271529_y174757",  51.32846641904896,  6.4441680908203125,  51.328037363275676,  6.444854736328125
"tile_z19_x271529_y174758",  51.328037363275676,  6.4441680908203125,  51.327608303487914,  6.444854736328125
"tile_z19_x271529_y174759",  51.327608303487914,  6.4441680908203125,  51.32717923968564,  6.444854736328125
"tile_z19_x271529_y174760",  51.32717923968564,  6.4441680908203125,  51.32675017186886,  6.444854736328125
"tile_z19_x271529_y174761",  51.32675017186886,  6.4441680908203125,  51.326321100037546,  6.444854736328125
"tile_z19_x271529_y174762",  51.326321100037546,  6.4441680908203125,  51.325892024191695,  6.444854736328125
"tile_z19_x271529_y174763",  51.325892024191695,  6.4441680908203125,  51.3254629443313,  6.444854736328125
"tile_z19_x271529_y174764",  51.3254629443313,  6.4441680908203125,  51.325033860456315,  6.444854736328125
"tile_z19_x271529_y174765",  51.325033860456315,  6.4441680908203125,  51.324604772566765,  6.444854736328125
"tile_z19_x271529_y174766",  51.324604772566765,  6.4441680908203125,  51.324175680662606,  6.444854736328125
"tile_z19_x271529_y174767",  51.324175680662606,  6.4441680908203125,  51.32374658474385,  6.444854736328125
"tile_z19_x271529_y174768",  51.32374658474385,  6.4441680908203125,  51.32331748481046,  6.444854736328125
"tile_z19_x271529_y174769",  51.32331748481046,  6.4441680908203125,  51.32288838086244,  6.444854736328125
"tile_z19_x271529_y174770",  51.32288838086244,  6.4441680908203125,  51.32245927289977,  6.444854736328125
"tile_z19_x271529_y174771",  51.32245927289977,  6.4441680908203125,  51.32203016092244,  6.444854736328125
"tile_z19_x271529_y174772",  51.32203016092244,  6.4441680908203125,  51.32160104493043,  6.444854736328125
"tile_z19_x271529_y174773",  51.32160104493043,  6.4441680908203125,  51.32117192492374,  6.444854736328125
"tile_z19_x271529_y174774",  51.32117192492374,  6.4441680908203125,  51.32074280090234,  6.444854736328125
"tile_z19_x271529_y174775",  51.32074280090234,  6.4441680908203125,  51.32031367286622,  6.444854736328125
"tile_z19_x271529_y174776",  51.32031367286622,  6.4441680908203125,  51.31988454081537,  6.444854736328125
"tile_z19_x271529_y174777",  51.31988454081537,  6.4441680908203125,  51.31945540474978,  6.444854736328125
"tile_z19_x271529_y174778",  51.31945540474978,  6.4441680908203125,  51.31902626466944,  6.444854736328125
"tile_z19_x271529_y174779",  51.31902626466944,  6.4441680908203125,  51.31859712057431,  6.444854736328125
"tile_z19_x271529_y174780",  51.31859712057431,  6.4441680908203125,  51.31816797246441,  6.444854736328125
"tile_z19_x271529_y174781",  51.31816797246441,  6.4441680908203125,  51.317738820339706,  6.444854736328125
"tile_z19_x271529_y174782",  51.317738820339706,  6.4441680908203125,  51.317309664200195,  6.444854736328125
"tile_z19_x271529_y174783",  51.317309664200195,  6.4441680908203125,  51.316880504045855,  6.444854736328125
"tile_z19_x271529_y174784",  51.316880504045855,  6.4441680908203125,  51.316451339876686,  6.444854736328125
"tile_z19_x271529_y174785",  51.316451339876686,  6.4441680908203125,  51.31602217169266,  6.444854736328125
"tile_z19_x271530_y174756",  51.32889547080778,  6.444854736328125,  51.32846641904896,  6.4455413818359375
"tile_z19_x271530_y174757",  51.32846641904896,  6.444854736328125,  51.328037363275676,  6.4455413818359375
"tile_z19_x271530_y174758",  51.328037363275676,  6.444854736328125,  51.327608303487914,  6.4455413818359375
"tile_z19_x271530_y174759",  51.327608303487914,  6.444854736328125,  51.32717923968564,  6.4455413818359375
"tile_z19_x271530_y174760",  51.32717923968564,  6.444854736328125,  51.32675017186886,  6.4455413818359375
"tile_z19_x271530_y174761",  51.32675017186886,  6.444854736328125,  51.326321100037546,  6.4455413818359375
"tile_z19_x271530_y174762",  51.326321100037546,  6.444854736328125,  51.325892024191695,  6.4455413818359375
"tile_z19_x271530_y174763",  51.325892024191695,  6.444854736328125,  51.3254629443313,  6.4455413818359375
"tile_z19_x271530_y174764",  51.3254629443313,  6.444854736328125,  51.325033860456315,  6.4455413818359375
"tile_z19_x271530_y174765",  51.325033860456315,  6.444854736328125,  51.324604772566765,  6.4455413818359375
"tile_z19_x271530_y174766",  51.324604772566765,  6.444854736328125,  51.324175680662606,  6.4455413818359375
"tile_z19_x271530_y174767",  51.324175680662606,  6.444854736328125,  51.32374658474385,  6.4455413818359375
"tile_z19_x271530_y174768",  51.32374658474385,  6.444854736328125,  51.32331748481046,  6.4455413818359375
"tile_z19_x271530_y174769",  51.32331748481046,  6.444854736328125,  51.32288838086244,  6.4455413818359375
"tile_z19_x271530_y174770",  51.32288838086244,  6.444854736328125,  51.32245927289977,  6.4455413818359375
"tile_z19_x271530_y174771",  51.32245927289977,  6.444854736328125,  51.32203016092244,  6.4455413818359375
"tile_z19_x271530_y174772",  51.32203016092244,  6.444854736328125,  51.32160104493043,  6.4455413818359375
"tile_z19_x271530_y174773",  51.32160104493043,  6.444854736328125,  51.32117192492374,  6.4455413818359375
"tile_z19_x271530_y174774",  51.32117192492374,  6.444854736328125,  51.32074280090234,  6.4455413818359375
"tile_z19_x271530_y174775",  51.32074280090234,  6.444854736328125,  51.32031367286622,  6.4455413818359375
"tile_z19_x271530_y174776",  51.32031367286622,  6.444854736328125,  51.31988454081537,  6.4455413818359375
"tile_z19_x271530_y174777",  51.31988454081537,  6.444854736328125,  51.31945540474978,  6.4455413818359375
"tile_z19_x271530_y174778",  51.31945540474978,  6.444854736328125,  51.31902626466944,  6.4455413818359375
"tile_z19_x271530_y174779",  51.31902626466944,  6.444854736328125,  51.31859712057431,  6.4455413818359375
"tile_z19_x271530_y174780",  51.31859712057431,  6.444854736328125,  51.31816797246441,  6.4455413818359375
"tile_z19_x271530_y174781",  51.31816797246441,  6.444854736328125,  51.317738820339706,  6.4455413818359375
"tile_z19_x271530_y174782",  51.317738820339706,  6.444854736328125,  51.317309664200195,  6.4455413818359375
"tile_z19_x271530_y174783",  51.317309664200195,  6.444854736328125,  51.316880504045855,  6.4455413818359375
"tile_z19_x271530_y174784",  51.316880504045855,  6.444854736328125,  51.316451339876686,  6.4455413818359375
"tile_z19_x271530_y174785",  51.316451339876686,  6.444854736328125,  51.31602217169266,  6.4455413818359375
"tile_z19_x271531_y174756",  51.32889547080778,  6.4455413818359375,  51.32846641904896,  6.44622802734375
"tile_z19_x271531_y174757",  51.32846641904896,  6.4455413818359375,  51.328037363275676,  6.44622802734375
"tile_z19_x271531_y174758",  51.328037363275676,  6.4455413818359375,  51.327608303487914,  6.44622802734375
"tile_z19_x271531_y174759",  51.327608303487914,  6.4455413818359375,  51.32717923968564,  6.44622802734375
"tile_z19_x271531_y174760",  51.32717923968564,  6.4455413818359375,  51.32675017186886,  6.44622802734375
"tile_z19_x271531_y174761",  51.32675017186886,  6.4455413818359375,  51.326321100037546,  6.44622802734375
"tile_z19_x271531_y174762",  51.326321100037546,  6.4455413818359375,  51.325892024191695,  6.44622802734375
"tile_z19_x271531_y174763",  51.325892024191695,  6.4455413818359375,  51.3254629443313,  6.44622802734375
"tile_z19_x271531_y174764",  51.3254629443313,  6.4455413818359375,  51.325033860456315,  6.44622802734375
"tile_z19_x271531_y174765",  51.325033860456315,  6.4455413818359375,  51.324604772566765,  6.44622802734375
"tile_z19_x271531_y174766",  51.324604772566765,  6.4455413818359375,  51.324175680662606,  6.44622802734375
"tile_z19_x271531_y174767",  51.324175680662606,  6.4455413818359375,  51.32374658474385,  6.44622802734375
"tile_z19_x271531_y174768",  51.32374658474385,  6.4455413818359375,  51.32331748481046,  6.44622802734375
"tile_z19_x271531_y174769",  51.32331748481046,  6.4455413818359375,  51.32288838086244,  6.44622802734375
"tile_z19_x271531_y174770",  51.32288838086244,  6.4455413818359375,  51.32245927289977,  6.44622802734375
"tile_z19_x271531_y174771",  51.32245927289977,  6.4455413818359375,  51.32203016092244,  6.44622802734375
"tile_z19_x271531_y174772",  51.32203016092244,  6.4455413818359375,  51.32160104493043,  6.44622802734375
"tile_z19_x271531_y174773",  51.32160104493043,  6.4455413818359375,  51.32117192492374,  6.44622802734375
"tile_z19_x271531_y174774",  51.32117192492374,  6.4455413818359375,  51.32074280090234,  6.44622802734375
"tile_z19_x271531_y174775",  51.32074280090234,  6.4455413818359375,  51.32031367286622,  6.44622802734375
"tile_z19_x271531_y174776",  51.32031367286622,  6.4455413818359375,  51.31988454081537,  6.44622802734375
"tile_z19_x271531_y174777",  51.31988454081537,  6.4455413818359375,  51.31945540474978,  6.44622802734375
"tile_z19_x271531_y174778",  51.31945540474978,  6.4455413818359375,  51.31902626466944,  6.44622802734375
"tile_z19_x271531_y174779",  51.31902626466944,  6.4455413818359375,  51.31859712057431,  6.44622802734375
"tile_z19_x271531_y174780",  51.31859712057431,  6.4455413818359375,  51.31816797246441,  6.44622802734375
"tile_z19_x271531_y174781",  51.31816797246441,  6.4455413818359375,  51.317738820339706,  6.44622802734375
"tile_z19_x271531_y174782",  51.317738820339706,  6.4455413818359375,  51.317309664200195,  6.44622802734375
"tile_z19_x271531_y174783",  51.317309664200195,  6.4455413818359375,  51.316880504045855,  6.44622802734375
"tile_z19_x271531_y174784",  51.316880504045855,  6.4455413818359375,  51.316451339876686,  6.44622802734375
"tile_z19_x271531_y174785",  51.316451339876686,  6.4455413818359375,  51.31602217169266,  6.44622802734375
"tile_z19_x271532_y174756",  51.32889547080778,  6.44622802734375,  51.32846641904896,  6.4469146728515625
"tile_z19_x271532_y174757",  51.32846641904896,  6.44622802734375,  51.328037363275676,  6.4469146728515625
"tile_z19_x271532_y174758",  51.328037363275676,  6.44622802734375,  51.327608303487914,  6.4469146728515625
"tile_z19_x271532_y174759",  51.327608303487914,  6.44622802734375,  51.32717923968564,  6.4469146728515625
"tile_z19_x271532_y174760",  51.32717923968564,  6.44622802734375,  51.32675017186886,  6.4469146728515625
"tile_z19_x271532_y174761",  51.32675017186886,  6.44622802734375,  51.326321100037546,  6.4469146728515625
"tile_z19_x271532_y174762",  51.326321100037546,  6.44622802734375,  51.325892024191695,  6.4469146728515625
"tile_z19_x271532_y174763",  51.325892024191695,  6.44622802734375,  51.3254629443313,  6.4469146728515625
"tile_z19_x271532_y174764",  51.3254629443313,  6.44622802734375,  51.325033860456315,  6.4469146728515625
"tile_z19_x271532_y174765",  51.325033860456315,  6.44622802734375,  51.324604772566765,  6.4469146728515625
"tile_z19_x271532_y174766",  51.324604772566765,  6.44622802734375,  51.324175680662606,  6.4469146728515625
"tile_z19_x271532_y174767",  51.324175680662606,  6.44622802734375,  51.32374658474385,  6.4469146728515625
"tile_z19_x271532_y174768",  51.32374658474385,  6.44622802734375,  51.32331748481046,  6.4469146728515625
"tile_z19_x271532_y174769",  51.32331748481046,  6.44622802734375,  51.32288838086244,  6.4469146728515625
"tile_z19_x271532_y174770",  51.32288838086244,  6.44622802734375,  51.32245927289977,  6.4469146728515625
"tile_z19_x271532_y174771",  51.32245927289977,  6.44622802734375,  51.32203016092244,  6.4469146728515625
"tile_z19_x271532_y174772",  51.32203016092244,  6.44622802734375,  51.32160104493043,  6.4469146728515625
"tile_z19_x271532_y174773",  51.32160104493043,  6.44622802734375,  51.32117192492374,  6.4469146728515625
"tile_z19_x271532_y174774",  51.32117192492374,  6.44622802734375,  51.32074280090234,  6.4469146728515625
"tile_z19_x271532_y174775",  51.32074280090234,  6.44622802734375,  51.32031367286622,  6.4469146728515625
"tile_z19_x271532_y174776",  51.32031367286622,  6.44622802734375,  51.31988454081537,  6.4469146728515625
"tile_z19_x271532_y174777",  51.31988454081537,  6.44622802734375,  51.31945540474978,  6.4469146728515625
"tile_z19_x271532_y174778",  51.31945540474978,  6.44622802734375,  51.31902626466944,  6.4469146728515625
"tile_z19_x271532_y174779",  51.31902626466944,  6.44622802734375,  51.31859712057431,  6.4469146728515625
"tile_z19_x271532_y174780",  51.31859712057431,  6.44622802734375,  51.31816797246441,  6.4469146728515625
"tile_z19_x271532_y174781",  51.31816797246441,  6.44622802734375,  51.317738820339706,  6.4469146728515625
"tile_z19_x271532_y174782",  51.317738820339706,  6.44622802734375,  51.317309664200195,  6.4469146728515625
"tile_z19_x271532_y174783",  51.317309664200195,  6.44622802734375,  51.316880504045855,  6.4469146728515625
"tile_z19_x271532_y174784",  51.316880504045855,  6.44622802734375,  51.316451339876686,  6.4469146728515625
"tile_z19_x271532_y174785",  51.316451339876686,  6.44622802734375,  51.31602217169266,  6.4469146728515625
"tile_z19_x271533_y174756",  51.32889547080778,  6.4469146728515625,  51.32846641904896,  6.447601318359375
"tile_z19_x271533_y174757",  51.32846641904896,  6.4469146728515625,  51.328037363275676,  6.447601318359375
"tile_z19_x271533_y174758",  51.328037363275676,  6.4469146728515625,  51.327608303487914,  6.447601318359375
"tile_z19_x271533_y174759",  51.327608303487914,  6.4469146728515625,  51.32717923968564,  6.447601318359375
"tile_z19_x271533_y174760",  51.32717923968564,  6.4469146728515625,  51.32675017186886,  6.447601318359375
"tile_z19_x271533_y174761",  51.32675017186886,  6.4469146728515625,  51.326321100037546,  6.447601318359375
"tile_z19_x271533_y174762",  51.326321100037546,  6.4469146728515625,  51.325892024191695,  6.447601318359375
"tile_z19_x271533_y174763",  51.325892024191695,  6.4469146728515625,  51.3254629443313,  6.447601318359375
"tile_z19_x271533_y174764",  51.3254629443313,  6.4469146728515625,  51.325033860456315,  6.447601318359375
"tile_z19_x271533_y174765",  51.325033860456315,  6.4469146728515625,  51.324604772566765,  6.447601318359375
"tile_z19_x271533_y174766",  51.324604772566765,  6.4469146728515625,  51.324175680662606,  6.447601318359375
"tile_z19_x271533_y174767",  51.324175680662606,  6.4469146728515625,  51.32374658474385,  6.447601318359375
"tile_z19_x271533_y174768",  51.32374658474385,  6.4469146728515625,  51.32331748481046,  6.447601318359375
"tile_z19_x271533_y174769",  51.32331748481046,  6.4469146728515625,  51.32288838086244,  6.447601318359375
"tile_z19_x271533_y174770",  51.32288838086244,  6.4469146728515625,  51.32245927289977,  6.447601318359375
"tile_z19_x271533_y174771",  51.32245927289977,  6.4469146728515625,  51.32203016092244,  6.447601318359375
"tile_z19_x271533_y174772",  51.32203016092244,  6.4469146728515625,  51.32160104493043,  6.447601318359375
"tile_z19_x271533_y174773",  51.32160104493043,  6.4469146728515625,  51.32117192492374,  6.447601318359375
"tile_z19_x271533_y174774",  51.32117192492374,  6.4469146728515625,  51.32074280090234,  6.447601318359375
"tile_z19_x271533_y174775",  51.32074280090234,  6.4469146728515625,  51.32031367286622,  6.447601318359375
"tile_z19_x271533_y174776",  51.32031367286622,  6.4469146728515625,  51.31988454081537,  6.447601318359375
"tile_z19_x271533_y174777",  51.31988454081537,  6.4469146728515625,  51.31945540474978,  6.447601318359375
"tile_z19_x271533_y174778",  51.31945540474978,  6.4469146728515625,  51.31902626466944,  6.447601318359375
"tile_z19_x271533_y174779",  51.31902626466944,  6.4469146728515625,  51.31859712057431,  6.447601318359375
"tile_z19_x271533_y174780",  51.31859712057431,  6.4469146728515625,  51.31816797246441,  6.447601318359375
"tile_z19_x271533_y174781",  51.31816797246441,  6.4469146728515625,  51.317738820339706,  6.447601318359375
"tile_z19_x271533_y174782",  51.317738820339706,  6.4469146728515625,  51.317309664200195,  6.447601318359375
"tile_z19_x271533_y174783",  51.317309664200195,  6.4469146728515625,  51.316880504045855,  6.447601318359375
"tile_z19_x271533_y174784",  51.316880504045855,  6.4469146728515625,  51.316451339876686,  6.447601318359375
"tile_z19_x271533_y174785",  51.316451339876686,  6.4469146728515625,  51.31602217169266,  6.447601318359375
"tile_z19_x271534_y174756",  51.32889547080778,  6.447601318359375,  51.32846641904896,  6.4482879638671875
"tile_z19_x271534_y174757",  51.32846641904896,  6.447601318359375,  51.328037363275676,  6.4482879638671875
"tile_z19_x271534_y174758",  51.328037363275676,  6.447601318359375,  51.327608303487914,  6.4482879638671875
"tile_z19_x271534_y174759",  51.327608303487914,  6.447601318359375,  51.32717923968564,  6.4482879638671875
"tile_z19_x271534_y174760",  51.32717923968564,  6.447601318359375,  51.32675017186886,  6.4482879638671875
"tile_z19_x271534_y174761",  51.32675017186886,  6.447601318359375,  51.326321100037546,  6.4482879638671875
"tile_z19_x271534_y174762",  51.326321100037546,  6.447601318359375,  51.325892024191695,  6.4482879638671875
"tile_z19_x271534_y174763",  51.325892024191695,  6.447601318359375,  51.3254629443313,  6.4482879638671875
"tile_z19_x271534_y174764",  51.3254629443313,  6.447601318359375,  51.325033860456315,  6.4482879638671875
"tile_z19_x271534_y174765",  51.325033860456315,  6.447601318359375,  51.324604772566765,  6.4482879638671875
"tile_z19_x271534_y174766",  51.324604772566765,  6.447601318359375,  51.324175680662606,  6.4482879638671875
"tile_z19_x271534_y174767",  51.324175680662606,  6.447601318359375,  51.32374658474385,  6.4482879638671875
"tile_z19_x271534_y174768",  51.32374658474385,  6.447601318359375,  51.32331748481046,  6.4482879638671875
"tile_z19_x271534_y174769",  51.32331748481046,  6.447601318359375,  51.32288838086244,  6.4482879638671875
"tile_z19_x271534_y174770",  51.32288838086244,  6.447601318359375,  51.32245927289977,  6.4482879638671875
"tile_z19_x271534_y174771",  51.32245927289977,  6.447601318359375,  51.32203016092244,  6.4482879638671875
"tile_z19_x271534_y174772",  51.32203016092244,  6.447601318359375,  51.32160104493043,  6.4482879638671875
"tile_z19_x271534_y174773",  51.32160104493043,  6.447601318359375,  51.32117192492374,  6.4482879638671875
"tile_z19_x271534_y174774",  51.32117192492374,  6.447601318359375,  51.32074280090234,  6.4482879638671875
"tile_z19_x271534_y174775",  51.32074280090234,  6.447601318359375,  51.32031367286622,  6.4482879638671875
"tile_z19_x271534_y174776",  51.32031367286622,  6.447601318359375,  51.31988454081537,  6.4482879638671875
"tile_z19_x271534_y174777",  51.31988454081537,  6.447601318359375,  51.31945540474978,  6.4482879638671875
"tile_z19_x271534_y174778",  51.31945540474978,  6.447601318359375,  51.31902626466944,  6.4482879638671875
"tile_z19_x271534_y174779",  51.31902626466944,  6.447601318359375,  51.31859712057431,  6.4482879638671875
"tile_z19_x271534_y174780",  51.31859712057431,  6.447601318359375,  51.31816797246441,  6.4482879638671875
"tile_z19_x271534_y174781",  51.31816797246441,  6.447601318359375,  51.317738820339706,  6.4482879638671875
"tile_z19_x271534_y174782",  51.317738820339706,  6.447601318359375,  51.317309664200195,  6.4482879638671875
"tile_z19_x271534_y174783",  51.317309664200195,  6.447601318359375,  51.316880504045855,  6.4482879638671875
"tile_z19_x271534_y174784",  51.316880504045855,  6.447601318359375,  51.316451339876686,  6.4482879638671875
"tile_z19_x271534_y174785",  51.316451339876686,  6.447601318359375,  51.31602217169266,  6.4482879638671875
"tile_z19_x271535_y174756",  51.32889547080778,  6.4482879638671875,  51.32846641904896,  6.448974609375
"tile_z19_x271535_y174757",  51.32846641904896,  6.4482879638671875,  51.328037363275676,  6.448974609375
"tile_z19_x271535_y174758",  51.328037363275676,  6.4482879638671875,  51.327608303487914,  6.448974609375
"tile_z19_x271535_y174759",  51.327608303487914,  6.4482879638671875,  51.32717923968564,  6.448974609375
"tile_z19_x271535_y174760",  51.32717923968564,  6.4482879638671875,  51.32675017186886,  6.448974609375
"tile_z19_x271535_y174761",  51.32675017186886,  6.4482879638671875,  51.326321100037546,  6.448974609375
"tile_z19_x271535_y174762",  51.326321100037546,  6.4482879638671875,  51.325892024191695,  6.448974609375
"tile_z19_x271535_y174763",  51.325892024191695,  6.4482879638671875,  51.3254629443313,  6.448974609375
"tile_z19_x271535_y174764",  51.3254629443313,  6.4482879638671875,  51.325033860456315,  6.448974609375
"tile_z19_x271535_y174765",  51.325033860456315,  6.4482879638671875,  51.324604772566765,  6.448974609375
"tile_z19_x271535_y174766",  51.324604772566765,  6.4482879638671875,  51.324175680662606,  6.448974609375
"tile_z19_x271535_y174767",  51.324175680662606,  6.4482879638671875,  51.32374658474385,  6.448974609375
"tile_z19_x271535_y174768",  51.32374658474385,  6.4482879638671875,  51.32331748481046,  6.448974609375
"tile_z19_x271535_y174769",  51.32331748481046,  6.4482879638671875,  51.32288838086244,  6.448974609375
"tile_z19_x271535_y174770",  51.32288838086244,  6.4482879638671875,  51.32245927289977,  6.448974609375
"tile_z19_x271535_y174771",  51.32245927289977,  6.4482879638671875,  51.32203016092244,  6.448974609375
"tile_z19_x271535_y174772",  51.32203016092244,  6.4482879638671875,  51.32160104493043,  6.448974609375
"tile_z19_x271535_y174773",  51.32160104493043,  6.4482879638671875,  51.32117192492374,  6.448974609375
"tile_z19_x271535_y174774",  51.32117192492374,  6.4482879638671875,  51.32074280090234,  6.448974609375
"tile_z19_x271535_y174775",  51.32074280090234,  6.4482879638671875,  51.32031367286622,  6.448974609375
"tile_z19_x271535_y174776",  51.32031367286622,  6.4482879638671875,  51.31988454081537,  6.448974609375
"tile_z19_x271535_y174777",  51.31988454081537,  6.4482879638671875,  51.31945540474978,  6.448974609375
"tile_z19_x271535_y174778",  51.31945540474978,  6.4482879638671875,  51.31902626466944,  6.448974609375
"tile_z19_x271535_y174779",  51.31902626466944,  6.4482879638671875,  51.31859712057431,  6.448974609375
"tile_z19_x271535_y174780",  51.31859712057431,  6.4482879638671875,  51.31816797246441,  6.448974609375
"tile_z19_x271535_y174781",  51.31816797246441,  6.4482879638671875,  51.317738820339706,  6.448974609375
"tile_z19_x271535_y174782",  51.317738820339706,  6.4482879638671875,  51.317309664200195,  6.448974609375
"tile_z19_x271535_y174783",  51.317309664200195,  6.4482879638671875,  51.316880504045855,  6.448974609375
"tile_z19_x271535_y174784",  51.316880504045855,  6.4482879638671875,  51.316451339876686,  6.448974609375
"tile_z19_x271535_y174785",  51.316451339876686,  6.4482879638671875,  51.31602217169266,  6.448974609375
"tile_z19_x271536_y174756",  51.32889547080778,  6.448974609375,  51.32846641904896,  6.4496612548828125
"tile_z19_x271536_y174757",  51.32846641904896,  6.448974609375,  51.328037363275676,  6.4496612548828125
"tile_z19_x271536_y174758",  51.328037363275676,  6.448974609375,  51.327608303487914,  6.4496612548828125
"tile_z19_x271536_y174759",  51.327608303487914,  6.448974609375,  51.32717923968564,  6.4496612548828125
"tile_z19_x271536_y174760",  51.32717923968564,  6.448974609375,  51.32675017186886,  6.4496612548828125
"tile_z19_x271536_y174761",  51.32675017186886,  6.448974609375,  51.326321100037546,  6.4496612548828125
"tile_z19_x271536_y174762",  51.326321100037546,  6.448974609375,  51.325892024191695,  6.4496612548828125
"tile_z19_x271536_y174763",  51.325892024191695,  6.448974609375,  51.3254629443313,  6.4496612548828125
"tile_z19_x271536_y174764",  51.3254629443313,  6.448974609375,  51.325033860456315,  6.4496612548828125
"tile_z19_x271536_y174765",  51.325033860456315,  6.448974609375,  51.324604772566765,  6.4496612548828125
"tile_z19_x271536_y174766",  51.324604772566765,  6.448974609375,  51.324175680662606,  6.4496612548828125
"tile_z19_x271536_y174767",  51.324175680662606,  6.448974609375,  51.32374658474385,  6.4496612548828125
"tile_z19_x271536_y174768",  51.32374658474385,  6.448974609375,  51.32331748481046,  6.4496612548828125
"tile_z19_x271536_y174769",  51.32331748481046,  6.448974609375,  51.32288838086244,  6.4496612548828125
"tile_z19_x271536_y174770",  51.32288838086244,  6.448974609375,  51.32245927289977,  6.4496612548828125
"tile_z19_x271536_y174771",  51.32245927289977,  6.448974609375,  51.32203016092244,  6.4496612548828125
"tile_z19_x271536_y174772",  51.32203016092244,  6.448974609375,  51.32160104493043,  6.4496612548828125
"tile_z19_x271536_y174773",  51.32160104493043,  6.448974609375,  51.32117192492374,  6.4496612548828125
"tile_z19_x271536_y174774",  51.32117192492374,  6.448974609375,  51.32074280090234,  6.4496612548828125
"tile_z19_x271536_y174775",  51.32074280090234,  6.448974609375,  51.32031367286622,  6.4496612548828125
"tile_z19_x271536_y174776",  51.32031367286622,  6.448974609375,  51.31988454081537,  6.4496612548828125
"tile_z19_x271536_y174777",  51.31988454081537,  6.448974609375,  51.31945540474978,  6.4496612548828125
"tile_z19_x271536_y174778",  51.31945540474978,  6.448974609375,  51.31902626466944,  6.4496612548828125
"tile_z19_x271536_y174779",  51.31902626466944,  6.448974609375,  51.31859712057431,  6.4496612548828125
"tile_z19_x271536_y174780",  51.31859712057431,  6.448974609375,  51.31816797246441,  6.4496612548828125
"tile_z19_x271536_y174781",  51.31816797246441,  6.448974609375,  51.317738820339706,  6.4496612548828125
"tile_z19_x271536_y174782",  51.317738820339706,  6.448974609375,  51.317309664200195,  6.4496612548828125
"tile_z19_x271536_y174783",  51.317309664200195,  6.448974609375,  51.316880504045855,  6.4496612548828125
"tile_z19_x271536_y174784",  51.316880504045855,  6.448974609375,  51.316451339876686,  6.4496612548828125
"tile_z19_x271536_y174785",  51.316451339876686,  6.448974609375,  51.31602217169266,  6.4496612548828125
"tile_z19_x271537_y174756",  51.32889547080778,  6.4496612548828125,  51.32846641904896,  6.450347900390625
"tile_z19_x271537_y174757",  51.32846641904896,  6.4496612548828125,  51.328037363275676,  6.450347900390625
"tile_z19_x271537_y174758",  51.328037363275676,  6.4496612548828125,  51.327608303487914,  6.450347900390625
"tile_z19_x271537_y174759",  51.327608303487914,  6.4496612548828125,  51.32717923968564,  6.450347900390625
"tile_z19_x271537_y174760",  51.32717923968564,  6.4496612548828125,  51.32675017186886,  6.450347900390625
"tile_z19_x271537_y174761",  51.32675017186886,  6.4496612548828125,  51.326321100037546,  6.450347900390625
"tile_z19_x271537_y174762",  51.326321100037546,  6.4496612548828125,  51.325892024191695,  6.450347900390625
"tile_z19_x271537_y174763",  51.325892024191695,  6.4496612548828125,  51.3254629443313,  6.450347900390625
"tile_z19_x271537_y174764",  51.3254629443313,  6.4496612548828125,  51.325033860456315,  6.450347900390625
"tile_z19_x271537_y174765",  51.325033860456315,  6.4496612548828125,  51.324604772566765,  6.450347900390625
"tile_z19_x271537_y174766",  51.324604772566765,  6.4496612548828125,  51.324175680662606,  6.450347900390625
"tile_z19_x271537_y174767",  51.324175680662606,  6.4496612548828125,  51.32374658474385,  6.450347900390625
"tile_z19_x271537_y174768",  51.32374658474385,  6.4496612548828125,  51.32331748481046,  6.450347900390625
"tile_z19_x271537_y174769",  51.32331748481046,  6.4496612548828125,  51.32288838086244,  6.450347900390625
"tile_z19_x271537_y174770",  51.32288838086244,  6.4496612548828125,  51.32245927289977,  6.450347900390625
"tile_z19_x271537_y174771",  51.32245927289977,  6.4496612548828125,  51.32203016092244,  6.450347900390625
"tile_z19_x271537_y174772",  51.32203016092244,  6.4496612548828125,  51.32160104493043,  6.450347900390625
"tile_z19_x271537_y174773",  51.32160104493043,  6.4496612548828125,  51.32117192492374,  6.450347900390625
"tile_z19_x271537_y174774",  51.32117192492374,  6.4496612548828125,  51.32074280090234,  6.450347900390625
"tile_z19_x271537_y174775",  51.32074280090234,  6.4496612548828125,  51.32031367286622,  6.450347900390625
"tile_z19_x271537_y174776",  51.32031367286622,  6.4496612548828125,  51.31988454081537,  6.450347900390625
"tile_z19_x271537_y174777",  51.31988454081537,  6.4496612548828125,  51.31945540474978,  6.450347900390625
"tile_z19_x271537_y174778",  51.31945540474978,  6.4496612548828125,  51.31902626466944,  6.450347900390625
"tile_z19_x271537_y174779",  51.31902626466944,  6.4496612548828125,  51.31859712057431,  6.450347900390625
"tile_z19_x271537_y174780",  51.31859712057431,  6.4496612548828125,  51.31816797246441,  6.450347900390625
"tile_z19_x271537_y174781",  51.31816797246441,  6.4496612548828125,  51.317738820339706,  6.450347900390625
"tile_z19_x271537_y174782",  51.317738820339706,  6.4496612548828125,  51.317309664200195,  6.450347900390625
"tile_z19_x271537_y174783",  51.317309664200195,  6.4496612548828125,  51.316880504045855,  6.450347900390625
"tile_z19_x271537_y174784",  51.316880504045855,  6.4496612548828125,  51.316451339876686,  6.450347900390625
"tile_z19_x271537_y174785",  51.316451339876686,  6.4496612548828125,  51.31602217169266,  6.450347900390625
"tile_z19_x271538_y174756",  51.32889547080778,  6.450347900390625,  51.32846641904896,  6.4510345458984375
"tile_z19_x271538_y174757",  51.32846641904896,  6.450347900390625,  51.328037363275676,  6.4510345458984375
"tile_z19_x271538_y174758",  51.328037363275676,  6.450347900390625,  51.327608303487914,  6.4510345458984375
"tile_z19_x271538_y174759",  51.327608303487914,  6.450347900390625,  51.32717923968564,  6.4510345458984375
"tile_z19_x271538_y174760",  51.32717923968564,  6.450347900390625,  51.32675017186886,  6.4510345458984375
"tile_z19_x271538_y174761",  51.32675017186886,  6.450347900390625,  51.326321100037546,  6.4510345458984375
"tile_z19_x271538_y174762",  51.326321100037546,  6.450347900390625,  51.325892024191695,  6.4510345458984375
"tile_z19_x271538_y174763",  51.325892024191695,  6.450347900390625,  51.3254629443313,  6.4510345458984375
"tile_z19_x271538_y174764",  51.3254629443313,  6.450347900390625,  51.325033860456315,  6.4510345458984375
"tile_z19_x271538_y174765",  51.325033860456315,  6.450347900390625,  51.324604772566765,  6.4510345458984375
"tile_z19_x271538_y174766",  51.324604772566765,  6.450347900390625,  51.324175680662606,  6.4510345458984375
"tile_z19_x271538_y174767",  51.324175680662606,  6.450347900390625,  51.32374658474385,  6.4510345458984375
"tile_z19_x271538_y174768",  51.32374658474385,  6.450347900390625,  51.32331748481046,  6.4510345458984375
"tile_z19_x271538_y174769",  51.32331748481046,  6.450347900390625,  51.32288838086244,  6.4510345458984375
"tile_z19_x271538_y174770",  51.32288838086244,  6.450347900390625,  51.32245927289977,  6.4510345458984375
"tile_z19_x271538_y174771",  51.32245927289977,  6.450347900390625,  51.32203016092244,  6.4510345458984375
"tile_z19_x271538_y174772",  51.32203016092244,  6.450347900390625,  51.32160104493043,  6.4510345458984375
"tile_z19_x271538_y174773",  51.32160104493043,  6.450347900390625,  51.32117192492374,  6.4510345458984375
"tile_z19_x271538_y174774",  51.32117192492374,  6.450347900390625,  51.32074280090234,  6.4510345458984375
"tile_z19_x271538_y174775",  51.32074280090234,  6.450347900390625,  51.32031367286622,  6.4510345458984375
"tile_z19_x271538_y174776",  51.32031367286622,  6.450347900390625,  51.31988454081537,  6.4510345458984375
"tile_z19_x271538_y174777",  51.31988454081537,  6.450347900390625,  51.31945540474978,  6.4510345458984375
"tile_z19_x271538_y174778",  51.31945540474978,  6.450347900390625,  51.31902626466944,  6.4510345458984375
"tile_z19_x271538_y174779",  51.31902626466944,  6.450347900390625,  51.31859712057431,  6.4510345458984375
"tile_z19_x271538_y174780",  51.31859712057431,  6.450347900390625,  51.31816797246441,  6.4510345458984375
"tile_z19_x271538_y174781",  51.31816797246441,  6.450347900390625,  51.317738820339706,  6.4510345458984375
"tile_z19_x271538_y174782",  51.317738820339706,  6.450347900390625,  51.317309664200195,  6.4510345458984375
"tile_z19_x271538_y174783",  51.317309664200195,  6.450347900390625,  51.316880504045855,  6.4510345458984375
"tile_z19_x271538_y174784",  51.316880504045855,  6.450347900390625,  51.316451339876686,  6.4510345458984375
"tile_z19_x271538_y174785",  51.316451339876686,  6.450347900390625,  51.31602217169266,  6.4510345458984375
"tile_z19_x271539_y174756",  51.32889547080778,  6.4510345458984375,  51.32846641904896,  6.45172119140625
"tile_z19_x271539_y174757",  51.32846641904896,  6.4510345458984375,  51.328037363275676,  6.45172119140625
"tile_z19_x271539_y174758",  51.328037363275676,  6.4510345458984375,  51.327608303487914,  6.45172119140625
"tile_z19_x271539_y174759",  51.327608303487914,  6.4510345458984375,  51.32717923968564,  6.45172119140625
"tile_z19_x271539_y174760",  51.32717923968564,  6.4510345458984375,  51.32675017186886,  6.45172119140625
"tile_z19_x271539_y174761",  51.32675017186886,  6.4510345458984375,  51.326321100037546,  6.45172119140625
"tile_z19_x271539_y174762",  51.326321100037546,  6.4510345458984375,  51.325892024191695,  6.45172119140625
"tile_z19_x271539_y174763",  51.325892024191695,  6.4510345458984375,  51.3254629443313,  6.45172119140625
"tile_z19_x271539_y174764",  51.3254629443313,  6.4510345458984375,  51.325033860456315,  6.45172119140625
"tile_z19_x271539_y174765",  51.325033860456315,  6.4510345458984375,  51.324604772566765,  6.45172119140625
"tile_z19_x271539_y174766",  51.324604772566765,  6.4510345458984375,  51.324175680662606,  6.45172119140625
"tile_z19_x271539_y174767",  51.324175680662606,  6.4510345458984375,  51.32374658474385,  6.45172119140625
"tile_z19_x271539_y174768",  51.32374658474385,  6.4510345458984375,  51.32331748481046,  6.45172119140625
"tile_z19_x271539_y174769",  51.32331748481046,  6.4510345458984375,  51.32288838086244,  6.45172119140625
"tile_z19_x271539_y174770",  51.32288838086244,  6.4510345458984375,  51.32245927289977,  6.45172119140625
"tile_z19_x271539_y174771",  51.32245927289977,  6.4510345458984375,  51.32203016092244,  6.45172119140625
"tile_z19_x271539_y174772",  51.32203016092244,  6.4510345458984375,  51.32160104493043,  6.45172119140625
"tile_z19_x271539_y174773",  51.32160104493043,  6.4510345458984375,  51.32117192492374,  6.45172119140625
"tile_z19_x271539_y174774",  51.32117192492374,  6.4510345458984375,  51.32074280090234,  6.45172119140625
"tile_z19_x271539_y174775",  51.32074280090234,  6.4510345458984375,  51.32031367286622,  6.45172119140625
"tile_z19_x271539_y174776",  51.32031367286622,  6.4510345458984375,  51.31988454081537,  6.45172119140625
"tile_z19_x271539_y174777",  51.31988454081537,  6.4510345458984375,  51.31945540474978,  6.45172119140625
"tile_z19_x271539_y174778",  51.31945540474978,  6.4510345458984375,  51.31902626466944,  6.45172119140625
"tile_z19_x271539_y174779",  51.31902626466944,  6.4510345458984375,  51.31859712057431,  6.45172119140625
"tile_z19_x271539_y174780",  51.31859712057431,  6.4510345458984375,  51.31816797246441,  6.45172119140625
"tile_z19_x271539_y174781",  51.31816797246441,  6.4510345458984375,  51.317738820339706,  6.45172119140625
"tile_z19_x271539_y174782",  51.317738820339706,  6.4510345458984375,  51.317309664200195,  6.45172119140625
"tile_z19_x271539_y174783",  51.317309664200195,  6.4510345458984375,  51.316880504045855,  6.45172119140625
"tile_z19_x271539_y174784",  51.316880504045855,  6.4510345458984375,  51.316451339876686,  6.45172119140625
"tile_z19_x271539_y174785",  51.316451339876686,  6.4510345458984375,  51.31602217169266,  6.45172119140625
"tile_z19_x271540_y174756",  51.32889547080778,  6.45172119140625,  51.32846641904896,  6.4524078369140625
"tile_z19_x271540_y174757",  51.32846641904896,  6.45172119140625,  51.328037363275676,  6.4524078369140625
"tile_z19_x271540_y174758",  51.328037363275676,  6.45172119140625,  51.327608303487914,  6.4524078369140625
"tile_z19_x271540_y174759",  51.327608303487914,  6.45172119140625,  51.32717923968564,  6.4524078369140625
"tile_z19_x271540_y174760",  51.32717923968564,  6.45172119140625,  51.32675017186886,  6.4524078369140625
"tile_z19_x271540_y174761",  51.32675017186886,  6.45172119140625,  51.326321100037546,  6.4524078369140625
"tile_z19_x271540_y174762",  51.326321100037546,  6.45172119140625,  51.325892024191695,  6.4524078369140625
"tile_z19_x271540_y174763",  51.325892024191695,  6.45172119140625,  51.3254629443313,  6.4524078369140625
"tile_z19_x271540_y174764",  51.3254629443313,  6.45172119140625,  51.325033860456315,  6.4524078369140625
"tile_z19_x271540_y174765",  51.325033860456315,  6.45172119140625,  51.324604772566765,  6.4524078369140625
"tile_z19_x271540_y174766",  51.324604772566765,  6.45172119140625,  51.324175680662606,  6.4524078369140625
"tile_z19_x271540_y174767",  51.324175680662606,  6.45172119140625,  51.32374658474385,  6.4524078369140625
"tile_z19_x271540_y174768",  51.32374658474385,  6.45172119140625,  51.32331748481046,  6.4524078369140625
"tile_z19_x271540_y174769",  51.32331748481046,  6.45172119140625,  51.32288838086244,  6.4524078369140625
"tile_z19_x271540_y174770",  51.32288838086244,  6.45172119140625,  51.32245927289977,  6.4524078369140625
"tile_z19_x271540_y174771",  51.32245927289977,  6.45172119140625,  51.32203016092244,  6.4524078369140625
"tile_z19_x271540_y174772",  51.32203016092244,  6.45172119140625,  51.32160104493043,  6.4524078369140625
"tile_z19_x271540_y174773",  51.32160104493043,  6.45172119140625,  51.32117192492374,  6.4524078369140625
"tile_z19_x271540_y174774",  51.32117192492374,  6.45172119140625,  51.32074280090234,  6.4524078369140625
"tile_z19_x271540_y174775",  51.32074280090234,  6.45172119140625,  51.32031367286622,  6.4524078369140625
"tile_z19_x271540_y174776",  51.32031367286622,  6.45172119140625,  51.31988454081537,  6.4524078369140625
"tile_z19_x271540_y174777",  51.31988454081537,  6.45172119140625,  51.31945540474978,  6.4524078369140625
"tile_z19_x271540_y174778",  51.31945540474978,  6.45172119140625,  51.31902626466944,  6.4524078369140625
"tile_z19_x271540_y174779",  51.31902626466944,  6.45172119140625,  51.31859712057431,  6.4524078369140625
"tile_z19_x271540_y174780",  51.31859712057431,  6.45172119140625,  51.31816797246441,  6.4524078369140625
"tile_z19_x271540_y174781",  51.31816797246441,  6.45172119140625,  51.317738820339706,  6.4524078369140625
"tile_z19_x271540_y174782",  51.317738820339706,  6.45172119140625,  51.317309664200195,  6.4524078369140625
"tile_z19_x271540_y174783",  51.317309664200195,  6.45172119140625,  51.316880504045855,  6.4524078369140625
"tile_z19_x271540_y174784",  51.316880504045855,  6.45172119140625,  51.316451339876686,  6.4524078369140625
"tile_z19_x271540_y174785",  51.316451339876686,  6.45172119140625,  51.31602217169266,  6.4524078369140625
"tile_z19_x271541_y174756",  51.32889547080778,  6.4524078369140625,  51.32846641904896,  6.453094482421875
"tile_z19_x271541_y174757",  51.32846641904896,  6.4524078369140625,  51.328037363275676,  6.453094482421875
"tile_z19_x271541_y174758",  51.328037363275676,  6.4524078369140625,  51.327608303487914,  6.453094482421875
"tile_z19_x271541_y174759",  51.327608303487914,  6.4524078369140625,  51.32717923968564,  6.453094482421875
"tile_z19_x271541_y174760",  51.32717923968564,  6.4524078369140625,  51.32675017186886,  6.453094482421875
"tile_z19_x271541_y174761",  51.32675017186886,  6.4524078369140625,  51.326321100037546,  6.453094482421875
"tile_z19_x271541_y174762",  51.326321100037546,  6.4524078369140625,  51.325892024191695,  6.453094482421875
"tile_z19_x271541_y174763",  51.325892024191695,  6.4524078369140625,  51.3254629443313,  6.453094482421875
"tile_z19_x271541_y174764",  51.3254629443313,  6.4524078369140625,  51.325033860456315,  6.453094482421875
"tile_z19_x271541_y174765",  51.325033860456315,  6.4524078369140625,  51.324604772566765,  6.453094482421875
"tile_z19_x271541_y174766",  51.324604772566765,  6.4524078369140625,  51.324175680662606,  6.453094482421875
"tile_z19_x271541_y174767",  51.324175680662606,  6.4524078369140625,  51.32374658474385,  6.453094482421875
"tile_z19_x271541_y174768",  51.32374658474385,  6.4524078369140625,  51.32331748481046,  6.453094482421875
"tile_z19_x271541_y174769",  51.32331748481046,  6.4524078369140625,  51.32288838086244,  6.453094482421875
"tile_z19_x271541_y174770",  51.32288838086244,  6.4524078369140625,  51.32245927289977,  6.453094482421875
"tile_z19_x271541_y174771",  51.32245927289977,  6.4524078369140625,  51.32203016092244,  6.453094482421875
"tile_z19_x271541_y174772",  51.32203016092244,  6.4524078369140625,  51.32160104493043,  6.453094482421875
"tile_z19_x271541_y174773",  51.32160104493043,  6.4524078369140625,  51.32117192492374,  6.453094482421875
"tile_z19_x271541_y174774",  51.32117192492374,  6.4524078369140625,  51.32074280090234,  6.453094482421875
"tile_z19_x271541_y174775",  51.32074280090234,  6.4524078369140625,  51.32031367286622,  6.453094482421875
"tile_z19_x271541_y174776",  51.32031367286622,  6.4524078369140625,  51.31988454081537,  6.453094482421875
"tile_z19_x271541_y174777",  51.31988454081537,  6.4524078369140625,  51.31945540474978,  6.453094482421875
"tile_z19_x271541_y174778",  51.31945540474978,  6.4524078369140625,  51.31902626466944,  6.453094482421875
"tile_z19_x271541_y174779",  51.31902626466944,  6.4524078369140625,  51.31859712057431,  6.453094482421875
"tile_z19_x271541_y174780",  51.31859712057431,  6.4524078369140625,  51.31816797246441,  6.453094482421875
"tile_z19_x271541_y174781",  51.31816797246441,  6.4524078369140625,  51.317738820339706,  6.453094482421875
"tile_z19_x271541_y174782",  51.317738820339706,  6.4524078369140625,  51.317309664200195,  6.453094482421875
"tile_z19_x271541_y174783",  51.317309664200195,  6.4524078369140625,  51.316880504045855,  6.453094482421875
"tile_z19_x271541_y174784",  51.316880504045855,  6.4524078369140625,  51.316451339876686,  6.453094482421875
"tile_z19_x271541_y174785",  51.316451339876686,  6.4524078369140625,  51.31602217169266,  6.453094482421875
"tile_z19_x271542_y174756",  51.32889547080778,  6.453094482421875,  51.32846641904896,  6.4537811279296875
"tile_z19_x271542_y174757",  51.32846641904896,  6.453094482421875,  51.328037363275676,  6.4537811279296875
"tile_z19_x271542_y174758",  51.328037363275676,  6.453094482421875,  51.327608303487914,  6.4537811279296875
"tile_z19_x271542_y174759",  51.327608303487914,  6.453094482421875,  51.32717923968564,  6.4537811279296875
"tile_z19_x271542_y174760",  51.32717923968564,  6.453094482421875,  51.32675017186886,  6.4537811279296875
"tile_z19_x271542_y174761",  51.32675017186886,  6.453094482421875,  51.326321100037546,  6.4537811279296875
"tile_z19_x271542_y174762",  51.326321100037546,  6.453094482421875,  51.325892024191695,  6.4537811279296875
"tile_z19_x271542_y174763",  51.325892024191695,  6.453094482421875,  51.3254629443313,  6.4537811279296875
"tile_z19_x271542_y174764",  51.3254629443313,  6.453094482421875,  51.325033860456315,  6.4537811279296875
"tile_z19_x271542_y174765",  51.325033860456315,  6.453094482421875,  51.324604772566765,  6.4537811279296875
"tile_z19_x271542_y174766",  51.324604772566765,  6.453094482421875,  51.324175680662606,  6.4537811279296875
"tile_z19_x271542_y174767",  51.324175680662606,  6.453094482421875,  51.32374658474385,  6.4537811279296875
"tile_z19_x271542_y174768",  51.32374658474385,  6.453094482421875,  51.32331748481046,  6.4537811279296875
"tile_z19_x271542_y174769",  51.32331748481046,  6.453094482421875,  51.32288838086244,  6.4537811279296875
"tile_z19_x271542_y174770",  51.32288838086244,  6.453094482421875,  51.32245927289977,  6.4537811279296875
"tile_z19_x271542_y174771",  51.32245927289977,  6.453094482421875,  51.32203016092244,  6.4537811279296875
"tile_z19_x271542_y174772",  51.32203016092244,  6.453094482421875,  51.32160104493043,  6.4537811279296875
"tile_z19_x271542_y174773",  51.32160104493043,  6.453094482421875,  51.32117192492374,  6.4537811279296875
"tile_z19_x271542_y174774",  51.32117192492374,  6.453094482421875,  51.32074280090234,  6.4537811279296875
"tile_z19_x271542_y174775",  51.32074280090234,  6.453094482421875,  51.32031367286622,  6.4537811279296875
"tile_z19_x271542_y174776",  51.32031367286622,  6.453094482421875,  51.31988454081537,  6.4537811279296875
"tile_z19_x271542_y174777",  51.31988454081537,  6.453094482421875,  51.31945540474978,  6.4537811279296875
"tile_z19_x271542_y174778",  51.31945540474978,  6.453094482421875,  51.31902626466944,  6.4537811279296875
"tile_z19_x271542_y174779",  51.31902626466944,  6.453094482421875,  51.31859712057431,  6.4537811279296875
"tile_z19_x271542_y174780",  51.31859712057431,  6.453094482421875,  51.31816797246441,  6.4537811279296875
"tile_z19_x271542_y174781",  51.31816797246441,  6.453094482421875,  51.317738820339706,  6.4537811279296875
"tile_z19_x271542_y174782",  51.317738820339706,  6.453094482421875,  51.317309664200195,  6.4537811279296875
"tile_z19_x271542_y174783",  51.317309664200195,  6.453094482421875,  51.316880504045855,  6.4537811279296875
"tile_z19_x271542_y174784",  51.316880504045855,  6.453094482421875,  51.316451339876686,  6.4537811279296875
"tile_z19_x271542_y174785",  51.316451339876686,  6.453094482421875,  51.31602217169266,  6.4537811279296875
"tile_z19_x271543_y174756",  51.32889547080778,  6.4537811279296875,  51.32846641904896,  6.4544677734375
"tile_z19_x271543_y174757",  51.32846641904896,  6.4537811279296875,  51.328037363275676,  6.4544677734375
"tile_z19_x271543_y174758",  51.328037363275676,  6.4537811279296875,  51.327608303487914,  6.4544677734375
"tile_z19_x271543_y174759",  51.327608303487914,  6.4537811279296875,  51.32717923968564,  6.4544677734375
"tile_z19_x271543_y174760",  51.32717923968564,  6.4537811279296875,  51.32675017186886,  6.4544677734375
"tile_z19_x271543_y174761",  51.32675017186886,  6.4537811279296875,  51.326321100037546,  6.4544677734375
"tile_z19_x271543_y174762",  51.326321100037546,  6.4537811279296875,  51.325892024191695,  6.4544677734375
"tile_z19_x271543_y174763",  51.325892024191695,  6.4537811279296875,  51.3254629443313,  6.4544677734375
"tile_z19_x271543_y174764",  51.3254629443313,  6.4537811279296875,  51.325033860456315,  6.4544677734375
"tile_z19_x271543_y174765",  51.325033860456315,  6.4537811279296875,  51.324604772566765,  6.4544677734375
"tile_z19_x271543_y174766",  51.324604772566765,  6.4537811279296875,  51.324175680662606,  6.4544677734375
"tile_z19_x271543_y174767",  51.324175680662606,  6.4537811279296875,  51.32374658474385,  6.4544677734375
"tile_z19_x271543_y174768",  51.32374658474385,  6.4537811279296875,  51.32331748481046,  6.4544677734375
"tile_z19_x271543_y174769",  51.32331748481046,  6.4537811279296875,  51.32288838086244,  6.4544677734375
"tile_z19_x271543_y174770",  51.32288838086244,  6.4537811279296875,  51.32245927289977,  6.4544677734375
"tile_z19_x271543_y174771",  51.32245927289977,  6.4537811279296875,  51.32203016092244,  6.4544677734375
"tile_z19_x271543_y174772",  51.32203016092244,  6.4537811279296875,  51.32160104493043,  6.4544677734375
"tile_z19_x271543_y174773",  51.32160104493043,  6.4537811279296875,  51.32117192492374,  6.4544677734375
"tile_z19_x271543_y174774",  51.32117192492374,  6.4537811279296875,  51.32074280090234,  6.4544677734375
"tile_z19_x271543_y174775",  51.32074280090234,  6.4537811279296875,  51.32031367286622,  6.4544677734375
"tile_z19_x271543_y174776",  51.32031367286622,  6.4537811279296875,  51.31988454081537,  6.4544677734375
"tile_z19_x271543_y174777",  51.31988454081537,  6.4537811279296875,  51.31945540474978,  6.4544677734375
"tile_z19_x271543_y174778",  51.31945540474978,  6.4537811279296875,  51.31902626466944,  6.4544677734375
"tile_z19_x271543_y174779",  51.31902626466944,  6.4537811279296875,  51.31859712057431,  6.4544677734375
"tile_z19_x271543_y174780",  51.31859712057431,  6.4537811279296875,  51.31816797246441,  6.4544677734375
"tile_z19_x271543_y174781",  51.31816797246441,  6.4537811279296875,  51.317738820339706,  6.4544677734375
"tile_z19_x271543_y174782",  51.317738820339706,  6.4537811279296875,  51.317309664200195,  6.4544677734375
"tile_z19_x271543_y174783",  51.317309664200195,  6.4537811279296875,  51.316880504045855,  6.4544677734375
"tile_z19_x271543_y174784",  51.316880504045855,  6.4537811279296875,  51.316451339876686,  6.4544677734375
"tile_z19_x271543_y174785",  51.316451339876686,  6.4537811279296875,  51.31602217169266,  6.4544677734375
"tile_z19_x271544_y174756",  51.32889547080778,  6.4544677734375,  51.32846641904896,  6.4551544189453125
"tile_z19_x271544_y174757",  51.32846641904896,  6.4544677734375,  51.328037363275676,  6.4551544189453125
"tile_z19_x271544_y174758",  51.328037363275676,  6.4544677734375,  51.327608303487914,  6.4551544189453125
"tile_z19_x271544_y174759",  51.327608303487914,  6.4544677734375,  51.32717923968564,  6.4551544189453125
"tile_z19_x271544_y174760",  51.32717923968564,  6.4544677734375,  51.32675017186886,  6.4551544189453125
"tile_z19_x271544_y174761",  51.32675017186886,  6.4544677734375,  51.326321100037546,  6.4551544189453125
"tile_z19_x271544_y174762",  51.326321100037546,  6.4544677734375,  51.325892024191695,  6.4551544189453125
"tile_z19_x271544_y174763",  51.325892024191695,  6.4544677734375,  51.3254629443313,  6.4551544189453125
"tile_z19_x271544_y174764",  51.3254629443313,  6.4544677734375,  51.325033860456315,  6.4551544189453125
"tile_z19_x271544_y174765",  51.325033860456315,  6.4544677734375,  51.324604772566765,  6.4551544189453125
"tile_z19_x271544_y174766",  51.324604772566765,  6.4544677734375,  51.324175680662606,  6.4551544189453125
"tile_z19_x271544_y174767",  51.324175680662606,  6.4544677734375,  51.32374658474385,  6.4551544189453125
"tile_z19_x271544_y174768",  51.32374658474385,  6.4544677734375,  51.32331748481046,  6.4551544189453125
"tile_z19_x271544_y174769",  51.32331748481046,  6.4544677734375,  51.32288838086244,  6.4551544189453125
"tile_z19_x271544_y174770",  51.32288838086244,  6.4544677734375,  51.32245927289977,  6.4551544189453125
"tile_z19_x271544_y174771",  51.32245927289977,  6.4544677734375,  51.32203016092244,  6.4551544189453125
"tile_z19_x271544_y174772",  51.32203016092244,  6.4544677734375,  51.32160104493043,  6.4551544189453125
"tile_z19_x271544_y174773",  51.32160104493043,  6.4544677734375,  51.32117192492374,  6.4551544189453125
"tile_z19_x271544_y174774",  51.32117192492374,  6.4544677734375,  51.32074280090234,  6.4551544189453125
"tile_z19_x271544_y174775",  51.32074280090234,  6.4544677734375,  51.32031367286622,  6.4551544189453125
"tile_z19_x271544_y174776",  51.32031367286622,  6.4544677734375,  51.31988454081537,  6.4551544189453125
"tile_z19_x271544_y174777",  51.31988454081537,  6.4544677734375,  51.31945540474978,  6.4551544189453125
"tile_z19_x271544_y174778",  51.31945540474978,  6.4544677734375,  51.31902626466944,  6.4551544189453125
"tile_z19_x271544_y174779",  51.31902626466944,  6.4544677734375,  51.31859712057431,  6.4551544189453125
"tile_z19_x271544_y174780",  51.31859712057431,  6.4544677734375,  51.31816797246441,  6.4551544189453125
"tile_z19_x271544_y174781",  51.31816797246441,  6.4544677734375,  51.317738820339706,  6.4551544189453125
"tile_z19_x271544_y174782",  51.317738820339706,  6.4544677734375,  51.317309664200195,  6.4551544189453125
"tile_z19_x271544_y174783",  51.317309664200195,  6.4544677734375,  51.316880504045855,  6.4551544189453125
"tile_z19_x271544_y174784",  51.316880504045855,  6.4544677734375,  51.316451339876686,  6.4551544189453125
"tile_z19_x271544_y174785",  51.316451339876686,  6.4544677734375,  51.31602217169266,  6.4551544189453125
"tile_z19_x271545_y174756",  51.32889547080778,  6.4551544189453125,  51.32846641904896,  6.455841064453125
"tile_z19_x271545_y174757",  51.32846641904896,  6.4551544189453125,  51.328037363275676,  6.455841064453125
"tile_z19_x271545_y174758",  51.328037363275676,  6.4551544189453125,  51.327608303487914,  6.455841064453125
"tile_z19_x271545_y174759",  51.327608303487914,  6.4551544189453125,  51.32717923968564,  6.455841064453125
"tile_z19_x271545_y174760",  51.32717923968564,  6.4551544189453125,  51.32675017186886,  6.455841064453125
"tile_z19_x271545_y174761",  51.32675017186886,  6.4551544189453125,  51.326321100037546,  6.455841064453125
"tile_z19_x271545_y174762",  51.326321100037546,  6.4551544189453125,  51.325892024191695,  6.455841064453125
"tile_z19_x271545_y174763",  51.325892024191695,  6.4551544189453125,  51.3254629443313,  6.455841064453125
"tile_z19_x271545_y174764",  51.3254629443313,  6.4551544189453125,  51.325033860456315,  6.455841064453125
"tile_z19_x271545_y174765",  51.325033860456315,  6.4551544189453125,  51.324604772566765,  6.455841064453125
"tile_z19_x271545_y174766",  51.324604772566765,  6.4551544189453125,  51.324175680662606,  6.455841064453125
"tile_z19_x271545_y174767",  51.324175680662606,  6.4551544189453125,  51.32374658474385,  6.455841064453125
"tile_z19_x271545_y174768",  51.32374658474385,  6.4551544189453125,  51.32331748481046,  6.455841064453125
"tile_z19_x271545_y174769",  51.32331748481046,  6.4551544189453125,  51.32288838086244,  6.455841064453125
"tile_z19_x271545_y174770",  51.32288838086244,  6.4551544189453125,  51.32245927289977,  6.455841064453125
"tile_z19_x271545_y174771",  51.32245927289977,  6.4551544189453125,  51.32203016092244,  6.455841064453125
"tile_z19_x271545_y174772",  51.32203016092244,  6.4551544189453125,  51.32160104493043,  6.455841064453125
"tile_z19_x271545_y174773",  51.32160104493043,  6.4551544189453125,  51.32117192492374,  6.455841064453125
"tile_z19_x271545_y174774",  51.32117192492374,  6.4551544189453125,  51.32074280090234,  6.455841064453125
"tile_z19_x271545_y174775",  51.32074280090234,  6.4551544189453125,  51.32031367286622,  6.455841064453125
"tile_z19_x271545_y174776",  51.32031367286622,  6.4551544189453125,  51.31988454081537,  6.455841064453125
"tile_z19_x271545_y174777",  51.31988454081537,  6.4551544189453125,  51.31945540474978,  6.455841064453125
"tile_z19_x271545_y174778",  51.31945540474978,  6.4551544189453125,  51.31902626466944,  6.455841064453125
"tile_z19_x271545_y174779",  51.31902626466944,  6.4551544189453125,  51.31859712057431,  6.455841064453125
"tile_z19_x271545_y174780",  51.31859712057431,  6.4551544189453125,  51.31816797246441,  6.455841064453125
"tile_z19_x271545_y174781",  51.31816797246441,  6.4551544189453125,  51.317738820339706,  6.455841064453125
"tile_z19_x271545_y174782",  51.317738820339706,  6.4551544189453125,  51.317309664200195,  6.455841064453125
"tile_z19_x271545_y174783",  51.317309664200195,  6.4551544189453125,  51.316880504045855,  6.455841064453125
"tile_z19_x271545_y174784",  51.316880504045855,  6.4551544189453125,  51.316451339876686,  6.455841064453125
"tile_z19_x271545_y174785",  51.316451339876686,  6.4551544189453125,  51.31602217169266,  6.455841064453125
"tile_z19_x271546_y174756",  51.32889547080778,  6.455841064453125,  51.32846641904896,  6.4565277099609375
"tile_z19_x271546_y174757",  51.32846641904896,  6.455841064453125,  51.328037363275676,  6.4565277099609375
"tile_z19_x271546_y174758",  51.328037363275676,  6.455841064453125,  51.327608303487914,  6.4565277099609375
"tile_z19_x271546_y174759",  51.327608303487914,  6.455841064453125,  51.32717923968564,  6.4565277099609375
"tile_z19_x271546_y174760",  51.32717923968564,  6.455841064453125,  51.32675017186886,  6.4565277099609375
"tile_z19_x271546_y174761",  51.32675017186886,  6.455841064453125,  51.326321100037546,  6.4565277099609375
"tile_z19_x271546_y174762",  51.326321100037546,  6.455841064453125,  51.325892024191695,  6.4565277099609375
"tile_z19_x271546_y174763",  51.325892024191695,  6.455841064453125,  51.3254629443313,  6.4565277099609375
"tile_z19_x271546_y174764",  51.3254629443313,  6.455841064453125,  51.325033860456315,  6.4565277099609375
"tile_z19_x271546_y174765",  51.325033860456315,  6.455841064453125,  51.324604772566765,  6.4565277099609375
"tile_z19_x271546_y174766",  51.324604772566765,  6.455841064453125,  51.324175680662606,  6.4565277099609375
"tile_z19_x271546_y174767",  51.324175680662606,  6.455841064453125,  51.32374658474385,  6.4565277099609375
"tile_z19_x271546_y174768",  51.32374658474385,  6.455841064453125,  51.32331748481046,  6.4565277099609375
"tile_z19_x271546_y174769",  51.32331748481046,  6.455841064453125,  51.32288838086244,  6.4565277099609375
"tile_z19_x271546_y174770",  51.32288838086244,  6.455841064453125,  51.32245927289977,  6.4565277099609375
"tile_z19_x271546_y174771",  51.32245927289977,  6.455841064453125,  51.32203016092244,  6.4565277099609375
"tile_z19_x271546_y174772",  51.32203016092244,  6.455841064453125,  51.32160104493043,  6.4565277099609375
"tile_z19_x271546_y174773",  51.32160104493043,  6.455841064453125,  51.32117192492374,  6.4565277099609375
"tile_z19_x271546_y174774",  51.32117192492374,  6.455841064453125,  51.32074280090234,  6.4565277099609375
"tile_z19_x271546_y174775",  51.32074280090234,  6.455841064453125,  51.32031367286622,  6.4565277099609375
"tile_z19_x271546_y174776",  51.32031367286622,  6.455841064453125,  51.31988454081537,  6.4565277099609375
"tile_z19_x271546_y174777",  51.31988454081537,  6.455841064453125,  51.31945540474978,  6.4565277099609375
"tile_z19_x271546_y174778",  51.31945540474978,  6.455841064453125,  51.31902626466944,  6.4565277099609375
"tile_z19_x271546_y174779",  51.31902626466944,  6.455841064453125,  51.31859712057431,  6.4565277099609375
"tile_z19_x271546_y174780",  51.31859712057431,  6.455841064453125,  51.31816797246441,  6.4565277099609375
"tile_z19_x271546_y174781",  51.31816797246441,  6.455841064453125,  51.317738820339706,  6.4565277099609375
"tile_z19_x271546_y174782",  51.317738820339706,  6.455841064453125,  51.317309664200195,  6.4565277099609375
"tile_z19_x271546_y174783",  51.317309664200195,  6.455841064453125,  51.316880504045855,  6.4565277099609375
"tile_z19_x271546_y174784",  51.316880504045855,  6.455841064453125,  51.316451339876686,  6.4565277099609375
"tile_z19_x271546_y174785",  51.316451339876686,  6.455841064453125,  51.31602217169266,  6.4565277099609375
"tile_z19_x271547_y174756",  51.32889547080778,  6.4565277099609375,  51.32846641904896,  6.45721435546875
"tile_z19_x271547_y174757",  51.32846641904896,  6.4565277099609375,  51.328037363275676,  6.45721435546875
"tile_z19_x271547_y174758",  51.328037363275676,  6.4565277099609375,  51.327608303487914,  6.45721435546875
"tile_z19_x271547_y174759",  51.327608303487914,  6.4565277099609375,  51.32717923968564,  6.45721435546875
"tile_z19_x271547_y174760",  51.32717923968564,  6.4565277099609375,  51.32675017186886,  6.45721435546875
"tile_z19_x271547_y174761",  51.32675017186886,  6.4565277099609375,  51.326321100037546,  6.45721435546875
"tile_z19_x271547_y174762",  51.326321100037546,  6.4565277099609375,  51.325892024191695,  6.45721435546875
"tile_z19_x271547_y174763",  51.325892024191695,  6.4565277099609375,  51.3254629443313,  6.45721435546875
"tile_z19_x271547_y174764",  51.3254629443313,  6.4565277099609375,  51.325033860456315,  6.45721435546875
"tile_z19_x271547_y174765",  51.325033860456315,  6.4565277099609375,  51.324604772566765,  6.45721435546875
"tile_z19_x271547_y174766",  51.324604772566765,  6.4565277099609375,  51.324175680662606,  6.45721435546875
"tile_z19_x271547_y174767",  51.324175680662606,  6.4565277099609375,  51.32374658474385,  6.45721435546875
"tile_z19_x271547_y174768",  51.32374658474385,  6.4565277099609375,  51.32331748481046,  6.45721435546875
"tile_z19_x271547_y174769",  51.32331748481046,  6.4565277099609375,  51.32288838086244,  6.45721435546875
"tile_z19_x271547_y174770",  51.32288838086244,  6.4565277099609375,  51.32245927289977,  6.45721435546875
"tile_z19_x271547_y174771",  51.32245927289977,  6.4565277099609375,  51.32203016092244,  6.45721435546875
"tile_z19_x271547_y174772",  51.32203016092244,  6.4565277099609375,  51.32160104493043,  6.45721435546875
"tile_z19_x271547_y174773",  51.32160104493043,  6.4565277099609375,  51.32117192492374,  6.45721435546875
"tile_z19_x271547_y174774",  51.32117192492374,  6.4565277099609375,  51.32074280090234,  6.45721435546875
"tile_z19_x271547_y174775",  51.32074280090234,  6.4565277099609375,  51.32031367286622,  6.45721435546875
"tile_z19_x271547_y174776",  51.32031367286622,  6.4565277099609375,  51.31988454081537,  6.45721435546875
"tile_z19_x271547_y174777",  51.31988454081537,  6.4565277099609375,  51.31945540474978,  6.45721435546875
"tile_z19_x271547_y174778",  51.31945540474978,  6.4565277099609375,  51.31902626466944,  6.45721435546875
"tile_z19_x271547_y174779",  51.31902626466944,  6.4565277099609375,  51.31859712057431,  6.45721435546875
"tile_z19_x271547_y174780",  51.31859712057431,  6.4565277099609375,  51.31816797246441,  6.45721435546875
"tile_z19_x271547_y174781",  51.31816797246441,  6.4565277099609375,  51.317738820339706,  6.45721435546875
"tile_z19_x271547_y174782",  51.317738820339706,  6.4565277099609375,  51.317309664200195,  6.45721435546875
"tile_z19_x271547_y174783",  51.317309664200195,  6.4565277099609375,  51.316880504045855,  6.45721435546875
"tile_z19_x271547_y174784",  51.316880504045855,  6.4565277099609375,  51.316451339876686,  6.45721435546875
"tile_z19_x271547_y174785",  51.316451339876686,  6.4565277099609375,  51.31602217169266,  6.45721435546875
"tile_z19_x271548_y174756",  51.32889547080778,  6.45721435546875,  51.32846641904896,  6.4579010009765625
"tile_z19_x271548_y174757",  51.32846641904896,  6.45721435546875,  51.328037363275676,  6.4579010009765625
"tile_z19_x271548_y174758",  51.328037363275676,  6.45721435546875,  51.327608303487914,  6.4579010009765625
"tile_z19_x271548_y174759",  51.327608303487914,  6.45721435546875,  51.32717923968564,  6.4579010009765625
"tile_z19_x271548_y174760",  51.32717923968564,  6.45721435546875,  51.32675017186886,  6.4579010009765625
"tile_z19_x271548_y174761",  51.32675017186886,  6.45721435546875,  51.326321100037546,  6.4579010009765625
"tile_z19_x271548_y174762",  51.326321100037546,  6.45721435546875,  51.325892024191695,  6.4579010009765625
"tile_z19_x271548_y174763",  51.325892024191695,  6.45721435546875,  51.3254629443313,  6.4579010009765625
"tile_z19_x271548_y174764",  51.3254629443313,  6.45721435546875,  51.325033860456315,  6.4579010009765625
"tile_z19_x271548_y174765",  51.325033860456315,  6.45721435546875,  51.324604772566765,  6.4579010009765625
"tile_z19_x271548_y174766",  51.324604772566765,  6.45721435546875,  51.324175680662606,  6.4579010009765625
"tile_z19_x271548_y174767",  51.324175680662606,  6.45721435546875,  51.32374658474385,  6.4579010009765625
"tile_z19_x271548_y174768",  51.32374658474385,  6.45721435546875,  51.32331748481046,  6.4579010009765625
"tile_z19_x271548_y174769",  51.32331748481046,  6.45721435546875,  51.32288838086244,  6.4579010009765625
"tile_z19_x271548_y174770",  51.32288838086244,  6.45721435546875,  51.32245927289977,  6.4579010009765625
"tile_z19_x271548_y174771",  51.32245927289977,  6.45721435546875,  51.32203016092244,  6.4579010009765625
"tile_z19_x271548_y174772",  51.32203016092244,  6.45721435546875,  51.32160104493043,  6.4579010009765625
"tile_z19_x271548_y174773",  51.32160104493043,  6.45721435546875,  51.32117192492374,  6.4579010009765625
"tile_z19_x271548_y174774",  51.32117192492374,  6.45721435546875,  51.32074280090234,  6.4579010009765625
"tile_z19_x271548_y174775",  51.32074280090234,  6.45721435546875,  51.32031367286622,  6.4579010009765625
"tile_z19_x271548_y174776",  51.32031367286622,  6.45721435546875,  51.31988454081537,  6.4579010009765625
"tile_z19_x271548_y174777",  51.31988454081537,  6.45721435546875,  51.31945540474978,  6.4579010009765625
"tile_z19_x271548_y174778",  51.31945540474978,  6.45721435546875,  51.31902626466944,  6.4579010009765625
"tile_z19_x271548_y174779",  51.31902626466944,  6.45721435546875,  51.31859712057431,  6.4579010009765625
"tile_z19_x271548_y174780",  51.31859712057431,  6.45721435546875,  51.31816797246441,  6.4579010009765625
"tile_z19_x271548_y174781",  51.31816797246441,  6.45721435546875,  51.317738820339706,  6.4579010009765625
"tile_z19_x271548_y174782",  51.317738820339706,  6.45721435546875,  51.317309664200195,  6.4579010009765625
"tile_z19_x271548_y174783",  51.317309664200195,  6.45721435546875,  51.316880504045855,  6.4579010009765625
"tile_z19_x271548_y174784",  51.316880504045855,  6.45721435546875,  51.316451339876686,  6.4579010009765625
"tile_z19_x271548_y174785",  51.316451339876686,  6.45721435546875,  51.31602217169266,  6.4579010009765625
"tile_z19_x271549_y174756",  51.32889547080778,  6.4579010009765625,  51.32846641904896,  6.458587646484375
"tile_z19_x271549_y174757",  51.32846641904896,  6.4579010009765625,  51.328037363275676,  6.458587646484375
"tile_z19_x271549_y174758",  51.328037363275676,  6.4579010009765625,  51.327608303487914,  6.458587646484375
"tile_z19_x271549_y174759",  51.327608303487914,  6.4579010009765625,  51.32717923968564,  6.458587646484375
"tile_z19_x271549_y174760",  51.32717923968564,  6.4579010009765625,  51.32675017186886,  6.458587646484375
"tile_z19_x271549_y174761",  51.32675017186886,  6.4579010009765625,  51.326321100037546,  6.458587646484375
"tile_z19_x271549_y174762",  51.326321100037546,  6.4579010009765625,  51.325892024191695,  6.458587646484375
"tile_z19_x271549_y174763",  51.325892024191695,  6.4579010009765625,  51.3254629443313,  6.458587646484375
"tile_z19_x271549_y174764",  51.3254629443313,  6.4579010009765625,  51.325033860456315,  6.458587646484375
"tile_z19_x271549_y174765",  51.325033860456315,  6.4579010009765625,  51.324604772566765,  6.458587646484375
"tile_z19_x271549_y174766",  51.324604772566765,  6.4579010009765625,  51.324175680662606,  6.458587646484375
"tile_z19_x271549_y174767",  51.324175680662606,  6.4579010009765625,  51.32374658474385,  6.458587646484375
"tile_z19_x271549_y174768",  51.32374658474385,  6.4579010009765625,  51.32331748481046,  6.458587646484375
"tile_z19_x271549_y174769",  51.32331748481046,  6.4579010009765625,  51.32288838086244,  6.458587646484375
"tile_z19_x271549_y174770",  51.32288838086244,  6.4579010009765625,  51.32245927289977,  6.458587646484375
"tile_z19_x271549_y174771",  51.32245927289977,  6.4579010009765625,  51.32203016092244,  6.458587646484375
"tile_z19_x271549_y174772",  51.32203016092244,  6.4579010009765625,  51.32160104493043,  6.458587646484375
"tile_z19_x271549_y174773",  51.32160104493043,  6.4579010009765625,  51.32117192492374,  6.458587646484375
"tile_z19_x271549_y174774",  51.32117192492374,  6.4579010009765625,  51.32074280090234,  6.458587646484375
"tile_z19_x271549_y174775",  51.32074280090234,  6.4579010009765625,  51.32031367286622,  6.458587646484375
"tile_z19_x271549_y174776",  51.32031367286622,  6.4579010009765625,  51.31988454081537,  6.458587646484375
"tile_z19_x271549_y174777",  51.31988454081537,  6.4579010009765625,  51.31945540474978,  6.458587646484375
"tile_z19_x271549_y174778",  51.31945540474978,  6.4579010009765625,  51.31902626466944,  6.458587646484375
"tile_z19_x271549_y174779",  51.31902626466944,  6.4579010009765625,  51.31859712057431,  6.458587646484375
"tile_z19_x271549_y174780",  51.31859712057431,  6.4579010009765625,  51.31816797246441,  6.458587646484375
"tile_z19_x271549_y174781",  51.31816797246441,  6.4579010009765625,  51.317738820339706,  6.458587646484375
"tile_z19_x271549_y174782",  51.317738820339706,  6.4579010009765625,  51.317309664200195,  6.458587646484375
"tile_z19_x271549_y174783",  51.317309664200195,  6.4579010009765625,  51.316880504045855,  6.458587646484375
"tile_z19_x271549_y174784",  51.316880504045855,  6.4579010009765625,  51.316451339876686,  6.458587646484375
"tile_z19_x271549_y174785",  51.316451339876686,  6.4579010009765625,  51.31602217169266,  6.458587646484375
"tile_z19_x271550_y174756",  51.32889547080778,  6.458587646484375,  51.32846641904896,  6.4592742919921875
"tile_z19_x271550_y174757",  51.32846641904896,  6.458587646484375,  51.328037363275676,  6.4592742919921875
"tile_z19_x271550_y174758",  51.328037363275676,  6.458587646484375,  51.327608303487914,  6.4592742919921875
"tile_z19_x271550_y174759",  51.327608303487914,  6.458587646484375,  51.32717923968564,  6.4592742919921875
"tile_z19_x271550_y174760",  51.32717923968564,  6.458587646484375,  51.32675017186886,  6.4592742919921875
"tile_z19_x271550_y174761",  51.32675017186886,  6.458587646484375,  51.326321100037546,  6.4592742919921875
"tile_z19_x271550_y174762",  51.326321100037546,  6.458587646484375,  51.325892024191695,  6.4592742919921875
"tile_z19_x271550_y174763",  51.325892024191695,  6.458587646484375,  51.3254629443313,  6.4592742919921875
"tile_z19_x271550_y174764",  51.3254629443313,  6.458587646484375,  51.325033860456315,  6.4592742919921875
"tile_z19_x271550_y174765",  51.325033860456315,  6.458587646484375,  51.324604772566765,  6.4592742919921875
"tile_z19_x271550_y174766",  51.324604772566765,  6.458587646484375,  51.324175680662606,  6.4592742919921875
"tile_z19_x271550_y174767",  51.324175680662606,  6.458587646484375,  51.32374658474385,  6.4592742919921875
"tile_z19_x271550_y174768",  51.32374658474385,  6.458587646484375,  51.32331748481046,  6.4592742919921875
"tile_z19_x271550_y174769",  51.32331748481046,  6.458587646484375,  51.32288838086244,  6.4592742919921875
"tile_z19_x271550_y174770",  51.32288838086244,  6.458587646484375,  51.32245927289977,  6.4592742919921875
"tile_z19_x271550_y174771",  51.32245927289977,  6.458587646484375,  51.32203016092244,  6.4592742919921875
"tile_z19_x271550_y174772",  51.32203016092244,  6.458587646484375,  51.32160104493043,  6.4592742919921875
"tile_z19_x271550_y174773",  51.32160104493043,  6.458587646484375,  51.32117192492374,  6.4592742919921875
"tile_z19_x271550_y174774",  51.32117192492374,  6.458587646484375,  51.32074280090234,  6.4592742919921875
"tile_z19_x271550_y174775",  51.32074280090234,  6.458587646484375,  51.32031367286622,  6.4592742919921875
"tile_z19_x271550_y174776",  51.32031367286622,  6.458587646484375,  51.31988454081537,  6.4592742919921875
"tile_z19_x271550_y174777",  51.31988454081537,  6.458587646484375,  51.31945540474978,  6.4592742919921875
"tile_z19_x271550_y174778",  51.31945540474978,  6.458587646484375,  51.31902626466944,  6.4592742919921875
"tile_z19_x271550_y174779",  51.31902626466944,  6.458587646484375,  51.31859712057431,  6.4592742919921875
"tile_z19_x271550_y174780",  51.31859712057431,  6.458587646484375,  51.31816797246441,  6.4592742919921875
"tile_z19_x271550_y174781",  51.31816797246441,  6.458587646484375,  51.317738820339706,  6.4592742919921875
"tile_z19_x271550_y174782",  51.317738820339706,  6.458587646484375,  51.317309664200195,  6.4592742919921875
"tile_z19_x271550_y174783",  51.317309664200195,  6.458587646484375,  51.316880504045855,  6.4592742919921875
"tile_z19_x271550_y174784",  51.316880504045855,  6.458587646484375,  51.316451339876686,  6.4592742919921875
"tile_z19_x271550_y174785",  51.316451339876686,  6.458587646484375,  51.31602217169266,  6.4592742919921875
"tile_z19_x271551_y174756",  51.32889547080778,  6.4592742919921875,  51.32846641904896,  6.4599609375
"tile_z19_x271551_y174757",  51.32846641904896,  6.4592742919921875,  51.328037363275676,  6.4599609375
"tile_z19_x271551_y174758",  51.328037363275676,  6.4592742919921875,  51.327608303487914,  6.4599609375
"tile_z19_x271551_y174759",  51.327608303487914,  6.4592742919921875,  51.32717923968564,  6.4599609375
"tile_z19_x271551_y174760",  51.32717923968564,  6.4592742919921875,  51.32675017186886,  6.4599609375
"tile_z19_x271551_y174761",  51.32675017186886,  6.4592742919921875,  51.326321100037546,  6.4599609375
"tile_z19_x271551_y174762",  51.326321100037546,  6.4592742919921875,  51.325892024191695,  6.4599609375
"tile_z19_x271551_y174763",  51.325892024191695,  6.4592742919921875,  51.3254629443313,  6.4599609375
"tile_z19_x271551_y174764",  51.3254629443313,  6.4592742919921875,  51.325033860456315,  6.4599609375
"tile_z19_x271551_y174765",  51.325033860456315,  6.4592742919921875,  51.324604772566765,  6.4599609375
"tile_z19_x271551_y174766",  51.324604772566765,  6.4592742919921875,  51.324175680662606,  6.4599609375
"tile_z19_x271551_y174767",  51.324175680662606,  6.4592742919921875,  51.32374658474385,  6.4599609375
"tile_z19_x271551_y174768",  51.32374658474385,  6.4592742919921875,  51.32331748481046,  6.4599609375
"tile_z19_x271551_y174769",  51.32331748481046,  6.4592742919921875,  51.32288838086244,  6.4599609375
"tile_z19_x271551_y174770",  51.32288838086244,  6.4592742919921875,  51.32245927289977,  6.4599609375
"tile_z19_x271551_y174771",  51.32245927289977,  6.4592742919921875,  51.32203016092244,  6.4599609375
"tile_z19_x271551_y174772",  51.32203016092244,  6.4592742919921875,  51.32160104493043,  6.4599609375
"tile_z19_x271551_y174773",  51.32160104493043,  6.4592742919921875,  51.32117192492374,  6.4599609375
"tile_z19_x271551_y174774",  51.32117192492374,  6.4592742919921875,  51.32074280090234,  6.4599609375
"tile_z19_x271551_y174775",  51.32074280090234,  6.4592742919921875,  51.32031367286622,  6.4599609375
"tile_z19_x271551_y174776",  51.32031367286622,  6.4592742919921875,  51.31988454081537,  6.4599609375
"tile_z19_x271551_y174777",  51.31988454081537,  6.4592742919921875,  51.31945540474978,  6.4599609375
"tile_z19_x271551_y174778",  51.31945540474978,  6.4592742919921875,  51.31902626466944,  6.4599609375
"tile_z19_x271551_y174779",  51.31902626466944,  6.4592742919921875,  51.31859712057431,  6.4599609375
"tile_z19_x271551_y174780",  51.31859712057431,  6.4592742919921875,  51.31816797246441,  6.4599609375
"tile_z19_x271551_y174781",  51.31816797246441,  6.4592742919921875,  51.317738820339706,  6.4599609375
"tile_z19_x271551_y174782",  51.317738820339706,  6.4592742919921875,  51.317309664200195,  6.4599609375
"tile_z19_x271551_y174783",  51.317309664200195,  6.4592742919921875,  51.316880504045855,  6.4599609375
"tile_z19_x271551_y174784",  51.316880504045855,  6.4592742919921875,  51.316451339876686,  6.4599609375
"tile_z19_x271551_y174785",  51.316451339876686,  6.4592742919921875,  51.31602217169266,  6.4599609375
"tile_z19_x271552_y174756",  51.32889547080778,  6.4599609375,  51.32846641904896,  6.4606475830078125
"tile_z19_x271552_y174757",  51.32846641904896,  6.4599609375,  51.328037363275676,  6.4606475830078125
"tile_z19_x271552_y174758",  51.328037363275676,  6.4599609375,  51.327608303487914,  6.4606475830078125
"tile_z19_x271552_y174759",  51.327608303487914,  6.4599609375,  51.32717923968564,  6.4606475830078125
"tile_z19_x271552_y174760",  51.32717923968564,  6.4599609375,  51.32675017186886,  6.4606475830078125
"tile_z19_x271552_y174761",  51.32675017186886,  6.4599609375,  51.326321100037546,  6.4606475830078125
"tile_z19_x271552_y174762",  51.326321100037546,  6.4599609375,  51.325892024191695,  6.4606475830078125
"tile_z19_x271552_y174763",  51.325892024191695,  6.4599609375,  51.3254629443313,  6.4606475830078125
"tile_z19_x271552_y174764",  51.3254629443313,  6.4599609375,  51.325033860456315,  6.4606475830078125
"tile_z19_x271552_y174765",  51.325033860456315,  6.4599609375,  51.324604772566765,  6.4606475830078125
"tile_z19_x271552_y174766",  51.324604772566765,  6.4599609375,  51.324175680662606,  6.4606475830078125
"tile_z19_x271552_y174767",  51.324175680662606,  6.4599609375,  51.32374658474385,  6.4606475830078125
"tile_z19_x271552_y174768",  51.32374658474385,  6.4599609375,  51.32331748481046,  6.4606475830078125
"tile_z19_x271552_y174769",  51.32331748481046,  6.4599609375,  51.32288838086244,  6.4606475830078125
"tile_z19_x271552_y174770",  51.32288838086244,  6.4599609375,  51.32245927289977,  6.4606475830078125
"tile_z19_x271552_y174771",  51.32245927289977,  6.4599609375,  51.32203016092244,  6.4606475830078125
"tile_z19_x271552_y174772",  51.32203016092244,  6.4599609375,  51.32160104493043,  6.4606475830078125
"tile_z19_x271552_y174773",  51.32160104493043,  6.4599609375,  51.32117192492374,  6.4606475830078125
"tile_z19_x271552_y174774",  51.32117192492374,  6.4599609375,  51.32074280090234,  6.4606475830078125
"tile_z19_x271552_y174775",  51.32074280090234,  6.4599609375,  51.32031367286622,  6.4606475830078125
"tile_z19_x271552_y174776",  51.32031367286622,  6.4599609375,  51.31988454081537,  6.4606475830078125
"tile_z19_x271552_y174777",  51.31988454081537,  6.4599609375,  51.31945540474978,  6.4606475830078125
"tile_z19_x271552_y174778",  51.31945540474978,  6.4599609375,  51.31902626466944,  6.4606475830078125
"tile_z19_x271552_y174779",  51.31902626466944,  6.4599609375,  51.31859712057431,  6.4606475830078125
"tile_z19_x271552_y174780",  51.31859712057431,  6.4599609375,  51.31816797246441,  6.4606475830078125
"tile_z19_x271552_y174781",  51.31816797246441,  6.4599609375,  51.317738820339706,  6.4606475830078125
"tile_z19_x271552_y174782",  51.317738820339706,  6.4599609375,  51.317309664200195,  6.4606475830078125
"tile_z19_x271552_y174783",  51.317309664200195,  6.4599609375,  51.316880504045855,  6.4606475830078125
"tile_z19_x271552_y174784",  51.316880504045855,  6.4599609375,  51.316451339876686,  6.4606475830078125
"tile_z19_x271552_y174785",  51.316451339876686,  6.4599609375,  51.31602217169266,  6.4606475830078125
"tile_z19_x271553_y174756",  51.32889547080778,  6.4606475830078125,  51.32846641904896,  6.461334228515625
"tile_z19_x271553_y174757",  51.32846641904896,  6.4606475830078125,  51.328037363275676,  6.461334228515625
"tile_z19_x271553_y174758",  51.328037363275676,  6.4606475830078125,  51.327608303487914,  6.461334228515625
"tile_z19_x271553_y174759",  51.327608303487914,  6.4606475830078125,  51.32717923968564,  6.461334228515625
"tile_z19_x271553_y174760",  51.32717923968564,  6.4606475830078125,  51.32675017186886,  6.461334228515625
"tile_z19_x271553_y174761",  51.32675017186886,  6.4606475830078125,  51.326321100037546,  6.461334228515625
"tile_z19_x271553_y174762",  51.326321100037546,  6.4606475830078125,  51.325892024191695,  6.461334228515625
"tile_z19_x271553_y174763",  51.325892024191695,  6.4606475830078125,  51.3254629443313,  6.461334228515625
"tile_z19_x271553_y174764",  51.3254629443313,  6.4606475830078125,  51.325033860456315,  6.461334228515625
"tile_z19_x271553_y174765",  51.325033860456315,  6.4606475830078125,  51.324604772566765,  6.461334228515625
"tile_z19_x271553_y174766",  51.324604772566765,  6.4606475830078125,  51.324175680662606,  6.461334228515625
"tile_z19_x271553_y174767",  51.324175680662606,  6.4606475830078125,  51.32374658474385,  6.461334228515625
"tile_z19_x271553_y174768",  51.32374658474385,  6.4606475830078125,  51.32331748481046,  6.461334228515625
"tile_z19_x271553_y174769",  51.32331748481046,  6.4606475830078125,  51.32288838086244,  6.461334228515625
"tile_z19_x271553_y174770",  51.32288838086244,  6.4606475830078125,  51.32245927289977,  6.461334228515625
"tile_z19_x271553_y174771",  51.32245927289977,  6.4606475830078125,  51.32203016092244,  6.461334228515625
"tile_z19_x271553_y174772",  51.32203016092244,  6.4606475830078125,  51.32160104493043,  6.461334228515625
"tile_z19_x271553_y174773",  51.32160104493043,  6.4606475830078125,  51.32117192492374,  6.461334228515625
"tile_z19_x271553_y174774",  51.32117192492374,  6.4606475830078125,  51.32074280090234,  6.461334228515625
"tile_z19_x271553_y174775",  51.32074280090234,  6.4606475830078125,  51.32031367286622,  6.461334228515625
"tile_z19_x271553_y174776",  51.32031367286622,  6.4606475830078125,  51.31988454081537,  6.461334228515625
"tile_z19_x271553_y174777",  51.31988454081537,  6.4606475830078125,  51.31945540474978,  6.461334228515625
"tile_z19_x271553_y174778",  51.31945540474978,  6.4606475830078125,  51.31902626466944,  6.461334228515625
"tile_z19_x271553_y174779",  51.31902626466944,  6.4606475830078125,  51.31859712057431,  6.461334228515625
"tile_z19_x271553_y174780",  51.31859712057431,  6.4606475830078125,  51.31816797246441,  6.461334228515625
"tile_z19_x271553_y174781",  51.31816797246441,  6.4606475830078125,  51.317738820339706,  6.461334228515625
"tile_z19_x271553_y174782",  51.317738820339706,  6.4606475830078125,  51.317309664200195,  6.461334228515625
"tile_z19_x271553_y174783",  51.317309664200195,  6.4606475830078125,  51.316880504045855,  6.461334228515625
"tile_z19_x271553_y174784",  51.316880504045855,  6.4606475830078125,  51.316451339876686,  6.461334228515625
"tile_z19_x271553_y174785",  51.316451339876686,  6.4606475830078125,  51.31602217169266,  6.461334228515625
"tile_z19_x271554_y174756",  51.32889547080778,  6.461334228515625,  51.32846641904896,  6.4620208740234375
"tile_z19_x271554_y174757",  51.32846641904896,  6.461334228515625,  51.328037363275676,  6.4620208740234375
"tile_z19_x271554_y174758",  51.328037363275676,  6.461334228515625,  51.327608303487914,  6.4620208740234375
"tile_z19_x271554_y174759",  51.327608303487914,  6.461334228515625,  51.32717923968564,  6.4620208740234375
"tile_z19_x271554_y174760",  51.32717923968564,  6.461334228515625,  51.32675017186886,  6.4620208740234375
"tile_z19_x271554_y174761",  51.32675017186886,  6.461334228515625,  51.326321100037546,  6.4620208740234375
"tile_z19_x271554_y174762",  51.326321100037546,  6.461334228515625,  51.325892024191695,  6.4620208740234375
"tile_z19_x271554_y174763",  51.325892024191695,  6.461334228515625,  51.3254629443313,  6.4620208740234375
"tile_z19_x271554_y174764",  51.3254629443313,  6.461334228515625,  51.325033860456315,  6.4620208740234375
"tile_z19_x271554_y174765",  51.325033860456315,  6.461334228515625,  51.324604772566765,  6.4620208740234375
"tile_z19_x271554_y174766",  51.324604772566765,  6.461334228515625,  51.324175680662606,  6.4620208740234375
"tile_z19_x271554_y174767",  51.324175680662606,  6.461334228515625,  51.32374658474385,  6.4620208740234375
"tile_z19_x271554_y174768",  51.32374658474385,  6.461334228515625,  51.32331748481046,  6.4620208740234375
"tile_z19_x271554_y174769",  51.32331748481046,  6.461334228515625,  51.32288838086244,  6.4620208740234375
"tile_z19_x271554_y174770",  51.32288838086244,  6.461334228515625,  51.32245927289977,  6.4620208740234375
"tile_z19_x271554_y174771",  51.32245927289977,  6.461334228515625,  51.32203016092244,  6.4620208740234375
"tile_z19_x271554_y174772",  51.32203016092244,  6.461334228515625,  51.32160104493043,  6.4620208740234375
"tile_z19_x271554_y174773",  51.32160104493043,  6.461334228515625,  51.32117192492374,  6.4620208740234375
"tile_z19_x271554_y174774",  51.32117192492374,  6.461334228515625,  51.32074280090234,  6.4620208740234375
"tile_z19_x271554_y174775",  51.32074280090234,  6.461334228515625,  51.32031367286622,  6.4620208740234375
"tile_z19_x271554_y174776",  51.32031367286622,  6.461334228515625,  51.31988454081537,  6.4620208740234375
"tile_z19_x271554_y174777",  51.31988454081537,  6.461334228515625,  51.31945540474978,  6.4620208740234375
"tile_z19_x271554_y174778",  51.31945540474978,  6.461334228515625,  51.31902626466944,  6.4620208740234375
"tile_z19_x271554_y174779",  51.31902626466944,  6.461334228515625,  51.31859712057431,  6.4620208740234375
"tile_z19_x271554_y174780",  51.31859712057431,  6.461334228515625,  51.31816797246441,  6.4620208740234375
"tile_z19_x271554_y174781",  51.31816797246441,  6.461334228515625,  51.317738820339706,  6.4620208740234375
"tile_z19_x271554_y174782",  51.317738820339706,  6.461334228515625,  51.317309664200195,  6.4620208740234375
"tile_z19_x271554_y174783",  51.317309664200195,  6.461334228515625,  51.316880504045855,  6.4620208740234375
"tile_z19_x271554_y174784",  51.316880504045855,  6.461334228515625,  51.316451339876686,  6.4620208740234375
"tile_z19_x271554_y174785",  51.316451339876686,  6.461334228515625,  51.31602217169266,  6.4620208740234375
"tile_z19_x271555_y174756",  51.32889547080778,  6.4620208740234375,  51.32846641904896,  6.46270751953125
"tile_z19_x271555_y174757",  51.32846641904896,  6.4620208740234375,  51.328037363275676,  6.46270751953125
"tile_z19_x271555_y174758",  51.328037363275676,  6.4620208740234375,  51.327608303487914,  6.46270751953125
"tile_z19_x271555_y174759",  51.327608303487914,  6.4620208740234375,  51.32717923968564,  6.46270751953125
"tile_z19_x271555_y174760",  51.32717923968564,  6.4620208740234375,  51.32675017186886,  6.46270751953125
"tile_z19_x271555_y174761",  51.32675017186886,  6.4620208740234375,  51.326321100037546,  6.46270751953125
"tile_z19_x271555_y174762",  51.326321100037546,  6.4620208740234375,  51.325892024191695,  6.46270751953125
"tile_z19_x271555_y174763",  51.325892024191695,  6.4620208740234375,  51.3254629443313,  6.46270751953125
"tile_z19_x271555_y174764",  51.3254629443313,  6.4620208740234375,  51.325033860456315,  6.46270751953125
"tile_z19_x271555_y174765",  51.325033860456315,  6.4620208740234375,  51.324604772566765,  6.46270751953125
"tile_z19_x271555_y174766",  51.324604772566765,  6.4620208740234375,  51.324175680662606,  6.46270751953125
"tile_z19_x271555_y174767",  51.324175680662606,  6.4620208740234375,  51.32374658474385,  6.46270751953125
"tile_z19_x271555_y174768",  51.32374658474385,  6.4620208740234375,  51.32331748481046,  6.46270751953125
"tile_z19_x271555_y174769",  51.32331748481046,  6.4620208740234375,  51.32288838086244,  6.46270751953125
"tile_z19_x271555_y174770",  51.32288838086244,  6.4620208740234375,  51.32245927289977,  6.46270751953125
"tile_z19_x271555_y174771",  51.32245927289977,  6.4620208740234375,  51.32203016092244,  6.46270751953125
"tile_z19_x271555_y174772",  51.32203016092244,  6.4620208740234375,  51.32160104493043,  6.46270751953125
"tile_z19_x271555_y174773",  51.32160104493043,  6.4620208740234375,  51.32117192492374,  6.46270751953125
"tile_z19_x271555_y174774",  51.32117192492374,  6.4620208740234375,  51.32074280090234,  6.46270751953125
"tile_z19_x271555_y174775",  51.32074280090234,  6.4620208740234375,  51.32031367286622,  6.46270751953125
"tile_z19_x271555_y174776",  51.32031367286622,  6.4620208740234375,  51.31988454081537,  6.46270751953125
"tile_z19_x271555_y174777",  51.31988454081537,  6.4620208740234375,  51.31945540474978,  6.46270751953125
"tile_z19_x271555_y174778",  51.31945540474978,  6.4620208740234375,  51.31902626466944,  6.46270751953125
"tile_z19_x271555_y174779",  51.31902626466944,  6.4620208740234375,  51.31859712057431,  6.46270751953125
"tile_z19_x271555_y174780",  51.31859712057431,  6.4620208740234375,  51.31816797246441,  6.46270751953125
"tile_z19_x271555_y174781",  51.31816797246441,  6.4620208740234375,  51.317738820339706,  6.46270751953125
"tile_z19_x271555_y174782",  51.317738820339706,  6.4620208740234375,  51.317309664200195,  6.46270751953125
"tile_z19_x271555_y174783",  51.317309664200195,  6.4620208740234375,  51.316880504045855,  6.46270751953125
"tile_z19_x271555_y174784",  51.316880504045855,  6.4620208740234375,  51.316451339876686,  6.46270751953125
"tile_z19_x271555_y174785",  51.316451339876686,  6.4620208740234375,  51.31602217169266,  6.46270751953125
